price,beds,baths,area_sqft,car_space_garage,street,city,district,postal,broker
"$236,900",3,3,"2,170",2,10 Duxbury Ln,Barnegat,NJ,08005,Home Alliance Realty
"$49,999",,,,,125 Pennsylvania Ave,Barnegat,NJ,08005,Van Dyk Group
"$800,000",4,2+,"2,650",2,1002 Capstan Dr,Lacey Township,NJ,08731,RE/MAX at Barnegat Bay
"$379,000",4,2+,"1,800",,834 Sandpiper Dr,Lacey Township,NJ,08734,ERA American Towne Realty
"$442,025",5,3,"3,242",2,111 Hawthorne Ln,Barnegat,NJ,08005,Keller Williams Shore Properties
"$422,290",4,3,"3,564",2,103 Hawthorne Ln,Barnegat,NJ,08005,Keller Williams Shore Properties
"$30,000",2,1,900,,24 Potomac Ct,Barnegat,NJ,08005,"HOME ALLIANCE REALTY, LLC"
"$405,567",5,3,"2,628",2,107 Hawthorne Ln,Barnegat,NJ,08005,Keller Williams Shore Properties
"$394,566",4,2+,"2,665",2,109 Hawthorne Ln,Barnegat,NJ,08005,Keller Williams Shore Properties
"$309,000",4,3,"2,120",,935 Devon St,Forked River,NJ,08731,Eastport Realty
"$469,000",4,2+,,2,36 Hannah Lee Rd,Barnegat,NJ,08005,Keller Williams Shore Properties
"$194,900",3,2,"1,188",,201 Nantucket Rd,Forked River,NJ,08731,C21 Action Plus Realty
"$259,000",4,2,"1,800",1,100 Dover Ct,Barnegat,NJ,08005,Keller Williams Preferred Properties
"$145,000",3,1,"1,013",,345 Yorktown Dr,Forked River,NJ,08731,Keypoint Realty Llc
"$305,000",5,2,"2,300",,149 Station Dr,Lacey Township,NJ,08731,Pacesetter Realty
"$159,900",2,2,"1,360",1,10 Arrow Wood Ct,Barnegat,NJ,08005,RE/MAX At Barnegat Bay
"$174,000",2,1,974,,87 Water St,Barnegat,NJ,08005,Coldwell Banker Home Connection
"$393,500",6,3+,"3,222",2,16 Orchid Ln,Barnegat,NJ,08005,"Berkshire Hathaway HomeServices Zack Shore, REALTORS®"
"$279,900",4,2+,"1,980",1,422 Steuben Ave,Lacey Township,NJ,08731,RE/MAX at Barnegat Bay
"$360,000",4,2+,"2,200",2,13 Janelle Dr,Barnegat,NJ,08005,RE/MAX At Barnegat Bay
"$399,999",4,2+,"2,696",2,21 Jacqueline Ct,Lacey Township,NJ,08734,"Weichert, Realtors - Forked River"
"$210,000",3,1,"1,164",,202 Village Dr,Barnegat,NJ,08005,"Diane Turton, Realtors - Point Pleasant Office"
"$869,000",4,2+,"2,839",2,872 Sunrise Blvd,Forked River,NJ,08731,RE/MAX at Barnegat Bay
"$255,900",4,2,"1,800",,1746 Hillwood Rd,Forked River,NJ,08731,Keller Williams Shore Properties
"$279,900",3,1+,"1,259",1,644 Fairview Ln,Forked River,NJ,08731,"Weichert, Realtors - Forked River"
"$299,900",3,1+,"1,552",1,110 Hatteras Rd,Barnegat,NJ,08005,RE/MAX NEW BEGINNINGS REALTY
"$334,900",4,3+,"2,100",2,6 Liberty Ct,Barnegat,NJ,08005,Van Dyk Group - Barnegat
"$269,900",3,3,"2,170",2,20 Hingham Ln,Barnegat,NJ,08005,C21/ Action Plus Rlty
"$269,900",3,3,"2,170",2,20 Hingham Ln,Barnegat,NJ,08005,C21/ Action Plus Rlty
"$240,000",2,2,"1,650",2,65 Quail Rd,Barnegat,NJ,08005,Van Dyk Group - Barnegat
"$150,000",,,,,126 Bengal Blvd,Barnegat,NJ,08005,Coldwell Banker Home Connection
"$449,000",4,2+,,3,1521 Beach Blvd,Forked River,NJ,08731,RE/MAX NEW BEGINNINGS REALTY
"$264,900",4,2,,1,957 Kearny Ave,Forked River,NJ,08731,RE/MAX NEW BEGINNINGS REALTY
"$579,000",5,3+,"2,898",2,719 Fairview Ln,Forked River,NJ,08731,CBRivieraRealty3109
"$220,000",3,2,"1,290",1,1433 Leguene Ave,Forked River,NJ,08731,RE/MAX at Barnegat Bay
"$439,000",4,2+,"3,252",2,36 Carriage Way,Barnegat,NJ,08005,"Berkshire Hathaway HomeServices Zack Shore, REALTORS®"
"$49,900",3,1+,"1,130",,11 Potomac Ct,Barnegat,NJ,08005,RE/MAX at Barnegat Bay
"$413,160",3,3,"2,505",2,125 Ambermist Way,Forked River,NJ,08731,TOLL BROTHERS REAL ESTATE
"$59,900",,,,,Clearview St,Lacey Township,NJ,08731,RE/MAX at Barnegat Bay
"$69,000",,,,,Calvin St,Lacey Township,NJ,08731,RE/MAX at Barnegat Bay
"$185,000",3,2+,,,301 Alpine St,Forked River,NJ,08731,Keller Williams Realty East Monmouth
"$194,900",3,1,960,,1002 Pensacola Rd,Lacey Township,NJ,08731,C21 Action Plus Realty
"$125,000",4,1+,"1,432",1,47 Lamp Post Dr,Barnegat,NJ,08005,Williamson Realtors
"$299,900",3,2+,"1,920",2,1008 Clifton St,Forked River,NJ,08731,Keller Williams East Monmouth
"$525,000",4,3,"2,677",2,902 Capstan Dr,Forked River,NJ,08731,RE/MAX at Barnegat Bay
"$22,900",,,,,124 Lakeview Dr,Barnegat,NJ,08005,Coldwell Banker Riviera Realty
"$22,900",,,,,120 Lakeview Dr,Barnegat,NJ,08005,Coldwell Banker Riviera Realty
"$22,900",,,,,118 Lakeview Dr,Barnegat,NJ,08005,Coldwell Banker Riviera Realty
"$22,900",,,,,122 Lakeview Dr,Barnegat,NJ,08005,Coldwell Banker Riviera Realty
"$115,000",2,1+,,,35 Carribean Ct,Barnegat,NJ,08005,RE/MAX At Barnegat Bay
"$370,420",3,3,"2,529",2,50 Woodchuck Dr,Barnegat,NJ,08005,Keller Williams Shore Properties
"$354,990",3,3,"2,401",2,44 Woodchuck Dr,Barnegat,NJ,08005,Keller Williams Shore Properties
"$200,000",4,1+,,1,6 Mizzen Dr,Barnegat,NJ,08005,Gloria Nilson & Co Real Estate
"$335,525",4,2+,"2,148",2,36 Savannah Dr,Barnegat,NJ,08005,Keller Williams Shore Properties
"$373,252",3,2,"1,905",3,48 Woodchuck Dr,Barnegat,NJ,08005,Keller Williams Shore Properties
"$373,364",4,3,"2,422",2,54 Woodchuck Dr,Barnegat,NJ,08005,Keller Williams Shore Properties
"$340,990",3,2+,"2,169",2,35 Savannah Dr,Barnegat,NJ,08005,Keller Williams Shore Properties
"$449,900",5,3+,"3,680",2,905 Capstan Dr,Forked River,NJ,08731,RE/MAX at Barnegat Bay
"$360,000",3,2+,"1,754",,102 Clearwater Dr,Lacey Township,NJ,08731,CENTURY 21 Action Plus Realty
"$279,000",2,2,"2,002",2,4 Pond View Cir,Barnegat,NJ,08005,"VAN DYK GROUP, INC."
"$162,900",2,2,"1,600",1,44 Pine Oak Blvd,Barnegat,NJ,08005,VAN DYK GROUP
"$199,900",3,1+,,1,15 Ravenwood Blvd,Barnegat,NJ,08005,Coldwell Banker Home Connection
"$194,900",2,1+,"1,291",1,509 Tappan St,Forked River,NJ,08731,RE/MAX at Barnegat Bay
"$540,000",4,3,"2,358",1,1401 Island View Dr,Forked River,NJ,08731,CBRivieraRealty3109
"$195,000",3,1+,,1,20 Commodore Ct,Barnegat,NJ,08005,Gloria Nilson & Co Real Estate
"$419,900",4,2+,"2,500",2,1039 Hoyt St,Lacey Township,NJ,08722,RE/MAX at Barnegat Bay
"$398,000",4,2+,"2,500",2,74 Highland Dr,Barnegat,NJ,08005,"Weichert, Realtors - Long Beach Island"
"$460,000",3,2,,2,601 Alans Way,Lacey Township,NJ,08731,Keller Williams Realty - Medford
"$259,000",3,1+,"1,354",1,732 Oak Rd,Lacey Township,NJ,08734,RE/MAX at Barnegat Bay
"$67,600",3,1,"1,184",,1812 Deerhead Lake Dr,Lacey Township,NJ,08731,RE/MAX At Barnegat Bay
"$429,000",5,3,,,1073 Montauk Dr,Forked River,NJ,08731,CBRivieraRealty3109
"$364,900",3,2+,"1,793",2,12 Nelson Dr,Barnegat,NJ,08005,"Weichert, Realtors - Long Beach Island"
"$389,000",3,2,,1,921 Montauk Dr,Forked River,NJ,08731,CENTURY 21 Action Plus Realty
"$164,900",2,2,"1,344",1,208 Pine Oak Blvd,Barnegat,NJ,08005,RE/MAX At Barnegat Bay
"$339,900",4,2+,"2,802",2,19 Aphrodite Dr,Barnegat,NJ,08005,Coldwell Banker Home Connection Realty
"$350,000",4,2+,"2,254",3,8 Hannah Lee Rd,Barnegat,NJ,08005,"Weichert, Realtors - Forked River"
"$435,000",3,2+,"2,069",2,723 Capstan Dr,Lacey Township,NJ,08731,RE/MAX NEW BEGINNINGS REALTY
"$199,900",2,1,,,1236 Lakeside Dr S,Forked River,NJ,08731,RE/MAX at Barnegat Bay
"$134,900",3,1,"1,050",,1011 Anchor Way,Forked River,NJ,08731,C21/ VALUE PLUS REALTY
"$285,000",3,2+,"1,700",1,1007 Tampa Rd,Lacey Township,NJ,08731,CBRivieraRealty3109
"$299,900",4,2+,,2,1421 Clearview St,Forked River,NJ,08731,SHORE REALTY EXCHANGE
"$374,900",3,3,"2,445",2,121 Heritage Point Blvd,Barnegat,NJ,08005,CENTURY 21 Action Plus Realty
"$98,900",1,1,,,23 Chesapeake Ct,Barnegat,NJ,08005,Coldwell Banker Home Connection Realty
"$290,000",4,2,"1,712",1,321 Tuscarora Ave,Ocean Township Waretown,NJ,08005,RE/MAX At Barnegat Bay
"$274,900",3,2,"1,960",2,1609 Tamiami Rd,Forked River,NJ,08731,RE/MAX at Barnegat Bay
"$109,000",2,1,875,,317 Harris Rd,Lacey Township,NJ,08731,Coldwell Banker Flanagan Rlty - Tr
"$302,000",2,2,"1,428",2,50 Butler Dr,Barnegat,NJ,08005,Lennar Sales Corp.
"$360,000",2,2,"1,728",2,62 Butler Dr,Barnegat,NJ,08005,Lennar Sales Corp.
"$54,900",,,,,4 Harpoon Dr,Barnegat,NJ,08005,RE/MAX At Barnegat Bay
"$54,900",,,,,6 Harpoon Dr,Barnegat,NJ,08005,RE/MAX At Barnegat Bay
"$399,900",4,2+,"2,600",2,912 Calvin St,Lacey Township,NJ,08731,RE/MAX at Barnegat Bay
"$309,000",2,2,"2,022",2,114 Lakeland Dr,Barnegat,NJ,08005,Crossroads Realty - Brick
"$899,000",6,3,"3,305",2,120 Harborage Pl,Ocean Township Waretown,NJ,08005,Keller Williams Village Square Realty
"$274,900",4,2,"1,872",1,1770 Parkside Dr,Forked River,NJ,08731,RE/MAX at Barnegat Bay
"$289,000",3,2+,,1,1723 Hillwood Rd,Lacey Township,NJ,08731,Pacesetter Realty
"$139,900",4,2,"1,406",1,30 Georgetown Blvd,Barnegat,NJ,08005,"HOME ALLIANCE REALTY, LLC"
"$200,000",3,2,"1,360",,405 Alpine St,Lacey Township,NJ,08731,CENTURY 21 Action Plus Realty
"$439,900",4,2+,"2,472",2,191 Emerson Ln,Barnegat,NJ,08005,"Elite, Realtors"
"$179,900",3,1,"1,500",,7 Denville St,Barnegat,NJ,08005,Keller Williams Realty - Monmouth/Ocean
"$305,000",5,2,"2,367",1,901 Sarasota Dr,Lacey Township,NJ,08731,RE/MAX at Barnegat Bay
"$305,000",5,2,"2,367",1,901 Sarasota Dr,Lacey Township,NJ,08731,RE/MAX at Barnegat Bay
"$450,000",4,2+,"2,580",2,129 Frog Hollow Rd,Forked River,NJ,08731,Rwsp Realty Llc
"$169,900",4,2,"2,032",3,527 N 3rd St,Lacey Township,NJ,08037,RE/MAX Of Cherry Hill
"$347,500",4,2+,"2,004",1,13 Morgan Dr,Barnegat,NJ,08005,Davies and DeGennaro Real Estate
"$193,500",2,1,,1,241 Dogwood Ln,Lacey Township,NJ,08731,RE/MAX at Barnegat Bay
"$99,900",2,1,,,33 S Seas Ct,Barnegat,NJ,08005,Striker Realty
"$379,900",4,2+,"2,134",2,1081 Montauk Dr,Lacey Township,NJ,08731,RE/MAX NEW BEGINNINGS REALTY
"$499,900",4,2+,"2,443",2,1201 Gannet Ct,Forked River,NJ,08731,"Diane Turton, Realtors - Lacey Office"
"$240,000",3,2,"1,080",2,325 Yorktown Dr,Forked River,NJ,08731,RE/MAX at Barnegat Bay
"$450,000",5,4+,"3,321",2,112 Frog Hollow Rd,Forked River,NJ,08731,CBRivieraRealty3109
"$239,000",3,2,,1,650 Chelsea St,Forked River,NJ,08731,RE/MAX at Barnegat Bay
"$299,000",4,2,,,950 Capstan Dr,Forked River,NJ,08731,KELLER WILLIAMS REALTY - West Monmouth
"$199,900",3,3,,1,304 Riviera Dr,Forked River,NJ,08731,RE/MAX at Barnegat Bay
"$174,900",,,,,Capstan Dr,Forked River,NJ,08731,KELLER WILLIAMS REALTY - West Monmouth
"$125,000",,,,,1045 Lacey Rd,Forked River,NJ,08731,"Weichert, Realtors - Forked River"
"$5,000",,,,,4 Mounty Ct,Barnegat,NJ,08005,C21/ Action Plus Rlty
"$275,000",3,2,"1,287",1,1020 Orlando Dr,Forked River,NJ,08731,remax 1st advantage
"$429,000",4,3+,"2,920",2,1 Carriage Way,Barnegat,NJ,08005,ERA Central Realty Group
"$489,900",4,3,"2,800",2,823 Forepeak Dr,Lacey Township,NJ,08731,Pacesetter Realty
"$239,000",3,2+,"1,426",2,11 Tanglewood Dr,Barnegat,NJ,08005,"Diane Turton, Realtors - Toms River Office"
"$429,000",4,3+,"2,176",1,664 E Bay Ave,Barnegat,NJ,08005,HARDENBERGH CANETTI & HILL INC
"$255,900",3,1,"1,060",1,624 Twin River Dr,Lacey Township,NJ,08731,Pacesetter Realty
"$296,900",3,2,,1,843 Bowline Dr,Forked River,NJ,08731,"Blue Diamond Realty , LLC"
"$269,000",,,,,1313A Wickford Ln,Lacey Township,NJ,08734,RE/MAX NEW BEGINNINGS REALTY
"$425,000",5,3+,"2,624",2,725 Fairview Ln,Lacey Township,NJ,08731,Watchung / Green Brook Office
"$419,900",4,2+,,2,302 Bay Shore Dr,Barnegat,NJ,08005,Coldwell Banker Home Connection
"$989,000",4,3+,"4,000",1,1032 Montauk Dr,Lacey Township,NJ,08731,RE/MAX NEW BEGINNINGS REALTY
"$379,900",3,2+,"2,100",2,0H Grace Pl,Barnegat,NJ,08005,RE/MAX NEW BEGINNINGS REALTY
"$249,900",3,2,"1,210",1,601 Tappan St,Forked River,NJ,08731,RE/MAX at Barnegat Bay
"$279,900",2,1,"1,254",1,957 Capstan Dr,Forked River,NJ,08731,GREATER COASTAL REALTY INC
"$99,900",2,1+,"1,040",,13 Mediterranean Ct,Barnegat,NJ,08005,CBRivieraRealty3109
"$229,500",3,2+,"1,988",1,10 Bucks Dr,Barnegat,NJ,08005,RE/MAX at Barnegat Bay
"$345,135",3,2+,"2,169",2,34 Savannah Dr,Barnegat,NJ,08005,Keller Williams Shore Properties
"$239,900",2,2,"1,543",2,1 Duxbury Ln,Barnegat,NJ,08005,C21/ Action Plus Rlty
"$59,900",,,,,Boxwood Dr,Forked River,NJ,08731,RE/MAX NEW BEGINNINGS REALTY
"$59,900",,,,,Boxwood Dr,Lacey Township,NJ,08731,RE/MAX NEW BEGINNINGS REALTY
"$229,900",2,2,"1,405",1,25 Sheffield Dr,Forked River,NJ,08731,Toma Real Estate
"$265,000",2,1,"1,358",2,2541 Capshaw Rd,Forked River,NJ,08731,CBRivieraRealty3109
"$287,700",3,2+,"2,110",2,933 Montauk Dr,Forked River,NJ,08731,"Berkshire Hathaway HomeServices Zack Shore, REALTORS®"
"$445,000",4,2+,"2,600",2,208 Eagleswood Ave,Lacey Township,NJ,08734,RE/MAX at Barnegat Bay
"$284,900",4,2+,"2,122",2,18 Herkimer Ct,Barnegat,NJ,08005,Veltri & Realtors Corporate Office
"$299,990",2,3+,"1,730",,401 Bay Shore Dr Unit 2A,Barnegat,NJ,08005,"Silver And Oak Realty, Llc"
"$269,900",2,2,"1,275",,401 Bay Shore Dr Unit 2B,Barnegat,NJ,08005,Van Dyk Group - Barnegat
"$199,900",6,2,"2,624",1,26 Powell Ln,Barnegat,NJ,08005,"Linda Schroeck Realty Group, LLC"
"$382,000",4,2+,"2,214",2,534 Holmes Ave N,Forked River,NJ,08731,Keller Williams Shore Properties
"$332,500",4,2+,"2,256",2,266 Falkenburgh Ave,Lacey Township,NJ,08731,RE/MAX at Barnegat Bay
"$249,900",,,,,912 Shenandoah Dr,Forked River,NJ,08731,"Weichert, Realtors - Forked River"
"$295,000",3,1,,,215 Rahway Rd,Barnegat,NJ,08005,Exit Realty Elite
"$224,000",2,2,,,11 Maple Ave,Barnegat,NJ,08005,"Weichert, Realtors - Forked River"
"$54,900",3,1,880,,440 N Main St,Barnegat,NJ,08005,Keller Williams Preferred Properties
"$109,900",3,1,"1,100",,407 Nautilus Blvd,Lacey Township,NJ,08731,RE/MAX at Barnegat Bay
"$239,000",3,2,"1,468",,2260 Lakeside Dr S,Forked River,NJ,08731,Keller Williams Realty - Monmouth/Ocean
"$229,900",3,2,"1,398",1,718 Weehawken Ave,Forked River,NJ,08731,"Weichert, Realtors - Forked River"
"$225,000",3,1+,"2,194",6,14 2nd St,Barnegat,NJ,08005,Keller Williams Preferred Properties
"$140,000",2,1,,1,7 Elm Ct,Barnegat,NJ,08005,VAN DYK GROUP
"$360,000",3,2,"1,567",2,342 Tuscarora Ave,Barnegat,NJ,08005,RE/MAX NEW BEGINNINGS REALTY
"$416,000",4,2+,"2,831",2,23 Penn Pl,Lacey Township,NJ,08731,RE/MAX At Barnegat Bay
"$239,000",3,2,"1,165",1,406 Nantucket Rd,Lacey,NJ,08731,KELLER WILLIAMS REALTY
"$132,500",2,1,960,1,100 N Point Ct,Lacey Township,NJ,08734,CBRivieraRealty3109
"$319,900",3,3,"2,531",2,37 Fountain View Dr,Barnegat,NJ,08005,RE/MAX At Barnegat Bay
"$245,679",3,3,"1,159",,257 Falkenburgh Ave,Forked River,NJ,08731,CBRivieraRealty3109
"$334,900",4,2+,"2,154",2,1 Thropp Rd,Lacey Township,NJ,08731,RE/MAX at Barnegat Bay
"$434,900",3,2+,"2,174",2,702 Roanoke Dr,Lacey Township,NJ,08731,CBRivieraRealty3109
"$274,900",4,2+,"1,907",2,16 Teakwood Ln,Barnegat,NJ,08005,Paschon Realty
"$370,414",3,2,"2,422",2,14 Raccoon Ln,Barnegat,NJ,08005,Keller Williams Shore Properties
"$348,448",4,3,"2,270",2,46 Woodchuck Dr,Barnegat,NJ,08005,Keller Williams Shore Properties
"$469,900",2,2,"1,900",1,1216 Aquarius Ct,Lacey Township,NJ,08731,Realmart Realty - Flat Fee to 1% Agent Assist Service
"$130,000",3,1,"1,184",1,135 Bay Shore Dr,Barnegat,NJ,08005,"HOME ALLIANCE REALTY, LLC"
"$397,500",3,3,,1,25 Lacey Rd,Forked River,NJ,08731,RE/MAX at Barnegat Bay
"$525,000",4,2+,"3,074",2,843 Wave Dr,Forked River,NJ,08731,RE/MAX at Barnegat Bay
"$397,500",5,4,"3,400",1,25 E Lacey Rd,Lacey Township,NJ,08731,RE/MAX at Barnegat Bay
"$329,900",4,2,"2,542",,,Lacey Township,NJ,08734,"Weichert, Realtors - Forked River"
"$359,900",4,2+,"2,760",2,19 Benjamin Ct,Barnegat,NJ,08005,RE/MAX ON THE MOVE REALTY
"$534,900",4,3,"3,198",2,83 Arborridge Dr,Forked River,NJ,08731,CARA Realtors
"$242,500",3,1+,"1,400",1,198 Ravenwood Blvd,Barnegat,NJ,08005,RE/MAX At Barnegat Bay
"$444,900",4,2+,"2,906",2,1 Penn Pl,Forked River,NJ,08731,Glen Kelly Real Estate LLC
"$279,500",4,2,"2,052",2,615 Sunrise Blvd,Forked River,NJ,08731,CENTURY 21 Lawrence Realty
"$248,900",3,2,,2,88 1st St,Barnegat,NJ,08005,Keller Williams Shore Properties
"$139,000",2,1,,1,11 Tulsa Dr,Barnegat,NJ,08005,Keller Williams Shore Properties
"$326,950",3,2,"1,846",2,Chapel Hill,Barnegat Township,NJ,08005,Lennar
"$334,950",2,2,"1,936",2,Barnegat,Barnegat Township,NJ,08005,Lennar
"$289,950",2,2,"1,448",2,Absecon,Barnegat Township,NJ,08005,Lennar
"$200,000",4,2+,,1,19 Sloop Ct,Barnegat,NJ,08005,KELLER WILLIAMS REALTY - Monmouth Ocean
"$469,000",4,2+,"3,410",2,4 Ryan Rd,Barnegat,NJ,08005,NEUHAUS REALTY INC.
"$242,900",3,2,"1,275",1,7 Aspen Cir,Barnegat,NJ,08005,Coldwell Banker Riviera Realty
"$192,000",2,1+,990,,2085 Brookdale Park Dr,Lacey Township,NJ,08731,Crossroads Realty - Lacey
"$314,500",4,2+,"2,349",2,7 Freedom Hills Dr,Barnegat,NJ,08005,RE/MAX at Barnegat Bay
"$999,000",7,6+,"5,852",1,101 Stillwater Rd,Ocean Township Waretown,NJ,08005,RE/MAX at Barnegat Bay
"$245,000",4,2,,,1 Bridge Rd,Barnegat,NJ,08005,"Elite Team Realty, LLC"
"$225,000",3,1,"1,008",,1621 Sommerell Ave,Lacey Township,NJ,08731,CENTURY 21 Action Plus Realty
"$174,900",3,2,"1,913",,758 Briar Rd,Lacey Township,NJ,08734,"HOME ALLIANCE REALTY, LLC"
"$247,000",4,2,"1,978",1,1006 E Panama Ct,Forked River,NJ,08731,Exit Realty Jersey Shore
"$149,900",3,1,960,,402 Beach Blvd,Forked River,NJ,08731,Exit Realty Jersey Shore
"$314,950",2,2,"1,728",2,Cape May,Barnegat Township,NJ,08005,Lennar
"$164,900",3,1,,1,349 Yorktown Dr,Forked River,NJ,08731,"Homakcess, Realtors"
"$228,900",3,2+,"1,782",1,16 Bayside Dr,Barnegat,NJ,08005,C21/ Gemini Realty Llc
"$243,000",3,2,"1,574",1,956 Newark Ave,Forked River,NJ,08731,Glen Kelly Real Estate LLC
"$249,900",3,1+,"1,512",1,311 Station Dr,Lacey Township,NJ,08731,CBRivieraRealty3109
"$499,900",5,3+,"2,690",2,809 Sail Dr,Forked River,NJ,08731,"Weichert, Realtors - Forked River"
"$399,000",3,2,,,1303 Molokai Dr,Forked River,NJ,08731,Pacesetter Realty
"$214,999",3,2,"1,292",1,1210 Taylor Ln,Forked River,NJ,08731,Keller Williams Realty East Monmouth
"$364,990",4,2+,"2,867",2,11 Adrift Dr,Barnegat,NJ,08005,Keller Williams Shore Properties
"$294,900",5,2+,"2,530",2,10 Willowtree Ct,Barnegat,NJ,08005,Exit Realty Jersey Shore
"$275,000",4,2,"1,900",,107 Nantucket Rd,Lacey Township,NJ,08731,RE/MAX NEW BEGINNINGS REALTY
"$359,900",4,2+,,2,17 Jacqueline Ct,Lacey Township,NJ,08734,RE/MAX at Barnegat Bay
"$324,900",4,2,"1,650",1,26 Hillside Ave,Barnegat,NJ,08005,"Weichert, Realtors - Long Beach Island"
"$419,875",3,2,,2,54 Butler Dr,Barnegat,NJ,08005,Glen Kelly Real Estate LLC
"$46,500",2,2,"1,152",,15 Susan Dr,Barnegat,NJ,08005,RE/MAX OF LONG BEACH ISLAND
"$69,999",2,1,864,1,15 Nautilus Ave,Barnegat,NJ,08005,RE/MAX at Barnegat Bay
"$749,000",5,3,"3,250",3,1302 Exeter Pl,Lanoka Harbor,NJ,08734,RE/MAX NEW BEGINNINGS REALTY
"$59,900",,,,,38 Lincoln Ave,Barnegat,NJ,08005,Coldwell Banker Home Connection Realty
"$325,000",3,2+,"2,022",2,1727 Longwood Dr,Forked River,NJ,08731,Eastport Realty
"$259,900",1,1,,,344 Harbor Vw Unit 44,Forked River,NJ,08731,"Weichert, Realtors - Toms River"
"$499,900",4,2+,"2,600",3,707 Roanoke Dr,Forked River,NJ,08731,Realmart Realty - Flat Fee to 1% Agent Assist Service
"$83,200",3,1+,"1,348",,109 Barnegat Blvd S,Barnegat,NJ,08005,RE/MAX At Barnegat Bay
"$334,900",3,2+,"1,500",1,346 Harbor Vw Unit 46,Forked River,NJ,08731,RE/MAX NEW BEGINNINGS REALTY
"$349,950",4,3+,"2,302",2,167 Emerson Ln,Barnegat,NJ,08005,Keller Williams Shore Properties
"$219,000",3,2,"1,516",1,136 Ravenwood Blvd,Barnegat,NJ,08005,CENTURY 21 Action Plus Realty
"$405,995",3,3,"2,490",2,Farmington,Forked River,NJ,08731,Toll Brothers
"$99,900",1,1,818,,18 Chesapeake Ct,Barnegat,NJ,08005,CENTURY 21 Action Plus Realty
"$42,000",,,,,25 Cedar St,Barnegat,NJ,08005,RE/MAX at Barnegat Bay
"$350,000",4,2+,"2,408",2,73 Nautilus Dr,Barnegat,NJ,08005,"Weichert, Realtors - Long Beach Island"
"$225,000",3,1+,"1,491",,1224 Clearview St,Lacey Township,NJ,08731,"Weichert, Realtors - Forked River"
"$219,900",3,2,"1,512",1,906 W Panama Ct,Forked River,NJ,08731,RE/MAX at Barnegat Bay
"$169,900",3,2,"1,275",,22 Longboat Ave,Barnegat,NJ,08005,"Elite Team Realty, Llc"
"$379,995",2,2,"1,915",2,Fairhaven,Forked River,NJ,08731,Toll Brothers
"$214,900",4,2,,1,206 Boox St,Forked River,NJ,08731,Re/Max Innovation
"$157,900",3,1+,"1,378",,27A Denville St Unit A,Barnegat,NJ,08005,Coldwell Banker Home Connection
"$205,900",2,2,"1,056",1,726 Conifer Dr,Lacey Township,NJ,08731,RE/MAX at Barnegat Bay
"$319,900",4,3,"2,000",1,900 Clifton St,Lacey Township,NJ,08731,RE/MAX At Barnegat Bay
"$397,995",3,3,"2,412",2,Linwood,Forked River,NJ,08731,Toll Brothers
"$282,000",3,2,"1,714",2,561 Brentwood Rd,Lacey,NJ,08731,remax 1st advantage
"$465,000",6,3,"2,706",1,802 Windward Dr,Lacey Township,NJ,08731,CBRivieraRealty3109
"$212,000",,,,,Laurel Blvd,Lacey Township,NJ,08734,RE/MAX NEW BEGINNINGS REALTY
"$245,000",3,3,"2,464",2,21 Plymouth Way,Barnegat,NJ,08005,"HOME ALLIANCE REALTY, LLC"
"$362,995",2,2,"1,850",2,Lehigh,Forked River,NJ,08731,Toll Brothers
"$369,000",3,2+,"1,951",1,521 N Shore Dr,Forked River,NJ,08731,"Weichert, Realtors - Toms River"
"$225,000",3,2,"1,469",1,6 Osprey Ct,Lacey Township,NJ,08731,RE/MAX at Barnegat Bay
"$269,900",4,2,"2,012",1,7 Bayberry Dr,Lacey Township,NJ,08734,Coldwell Banker Home Connection
"$399,900",4,2+,"2,250",2,Bee Way,Forked River,NJ,08731,RE/MAX at Barnegat Bay
"$179,900",3,2,"1,764",2,71 Manchester Ave,Lacey Township,NJ,08731,RE/MAX at Barnegat Bay
"$150,000",3,2+,,,813 Lacey Rd,Forked River,NJ,08731,"RE/MAX REAL ESTATE, LTD."
"$50,000",,,,,Chesapeake Dr,Lacey,NJ,08731,remax 1st advantage
"$50,000",,,,,Chesapeake Dr,Forked River,NJ,08731,remax 1st advantage
"$439,000",5,3,"3,300",2,39 5th St,Barnegat,NJ,08005,RE/MAX At Barnegat Bay
"$344,900",4,2+,,2,9 Orchid Ln,Barnegat,NJ,08005,"Linda Schroeck Realty Group, LLC"
"$379,000",4,2,"2,112",1,1014 Laurel Blvd,Lacey Township,NJ,08734,CENTURY 21 Action Plus Realty
"$377,129",3,2+,"2,181",2,5 Raccoon Ln,Barnegat,NJ,08005,Keller Williams Shore Properties
"$355,929",3,3,"2,401",2,18 Raccoon Ln,Barnegat,NJ,08005,Keller Williams Shore Properties
"$344,645",2,2,"1,748",2,49 Woodchuck Dr,Barnegat,NJ,08005,Keller Williams Shore Properties
"$365,752",3,2,"1,905",2,55 Woodchuck Dr,Barnegat,NJ,08005,Keller Williams Shore Properties
"$345,839",4,3,"2,270",2,6 Raccoon Ln,Barnegat,NJ,08005,Keller Williams Shore Properties
"$335,000",4,2+,"2,500",2,32 Hannah Lee Rd,Barnegat,NJ,08005,Eastport Realty
"$599,900",5,3+,"4,856",1,1102 Orlando Dr,Lacey Township,NJ,08731,RE/MAX At Barnegat Bay
"$189,000",3,1+,"1,275",1,22 Aspen Cir,Barnegat,NJ,08005,Crossroads Realty - Berkeley
"$179,900",2,2,"1,224",1,2 Hastings Ct,Lacey Township,NJ,08731,RE/MAX at Barnegat Bay
"$112,900",3,1,,1,57 Windward Dr,Barnegat Light,NJ,08005,The Real Estate Company
"$229,900",2,1,,1,641 Elwood St,Forked River,NJ,08731,Pacesetter Realty
"$299,000",2,2,"1,912",2,41 Newport St,Barnegat,NJ,08005,C21/ Action Plus Rlty
"$228,000",3,1,,,30 Ravenwood Blvd,Barnegat,NJ,08005,"Keller Williams Preferred Properties, Ship Bottom"
"$277,965",3,2+,"2,663",2,348 Hawthorne Ln,Barnegat,NJ,08005,Keller Williams Shore Properties
"$250,000",4,2,"2,200",1,106 Chestnut St,Lacey Township,NJ,08731,Keller Williams Atlantic Shore
"$439,900",4,2+,"2,541",2,1318 Wickford Ln,Lacey Township,NJ,08734,RE/MAX At Barnegat Bay
"$249,900",4,2,"1,614",,7 Ridgeway St,Barnegat,NJ,08005,United Real Estate Associates
"$140,000",,,,,816 Sandpiper Dr,Lacey Township,NJ,08734,"Berkshire Hathaway HomeServices Zack Shore, REALTORS®"
"$364,990",4,2+,"2,867",2,43 Savannah Dr,Barnegat,NJ,08005,Keller Williams Shore Properties
"$299,000",3,2+,"2,031",2,25 Deer Run Dr,Barnegat,NJ,08005,Van Dyk Group - Barnegat
"$299,000",3,2+,,2,25 Deer Run Dr,Barnegat,NJ,08005,VAN DYK GROUP
"$110,000",2,1,880,1,661 E Bay Ave,Barnegat,NJ,08005,RE/MAX at Barnegat Bay
"$279,000",2,2,"2,057",2,27 Aqua View Ln,Barnegat,NJ,08005,Coldwell Banker Residential Brokerage - Spring Lake Office
"$348,978",4,3,"2,270",2,47 Woodchuck Dr,Barnegat,NJ,08005,Keller Williams Shore Properties
"$295,000",3,2,"1,872",2,226 Mirage Blvd,Barnegat,NJ,08005,Keller Williams Shore Properties
"$369,900",4,2+,"3,036",2,35 Tina Way,Barnegat,NJ,08005,"Elite Team Realty, Llc"
"$278,000",3,3,"2,170",2,11 Duxbury Ln,Barnegat,NJ,08005,C21/ Action Plus Rlty
"$264,900",3,1,,1,637 Twin River Dr,Forked River,NJ,08731,RE/MAX at Barnegat Bay
"$215,000",2,1,"1,215",1,1810 Allwood Pl,Lacey Township,NJ,08731,CENTURY 21 Action Plus Realty
"$370,414",3,2+,"2,181",2,17 Raccoon Ln,Barnegat,NJ,08005,Keller Williams Shore Properties
"$371,964",3,2+,"2,181",2,11 Raccoon Ln,Barnegat,NJ,08005,Keller Williams Shore Properties
"$232,000",2,2,"1,428",2,65 Robin Ln,Barnegat,NJ,08005,C21/ Action Plus Rlty
"$339,990",3,2+,"1,906",2,22 Nautilus Dr,Barnegat,NJ,08005,Keller Williams Shore Properties
"$334,990",4,2+,"1,906",2,7 Savannah Dr,Barnegat,NJ,08005,Keller Williams Shore Properties
"$372,000",3,2,"1,840",2,56 Butler Dr,Barnegat,NJ,08005,Lennar Sales Corp.
"$325,000",4,2+,"2,380",1,243 Lower Lake Dr,Forked River,NJ,08731,RE/MAX at Barnegat Bay
"$369,000",4,2+,"3,228",2,3 Niagara Ct,Lacey Township,NJ,08731,C21/ Action Plus Rlty
"$209,900",3,2+,"1,744",2,417 Wynnewood Rd,Lacey Township,NJ,08731,RE/MAX at Barnegat Bay
"$67,500",2,1,910,,21 Potomac Ct,Barnegat,NJ,08005,RE/MAX at Barnegat Bay
"$239,900",4,2+,"2,226",2,1220 Leguene Ave,Forked River,NJ,08731,RE/MAX at Barnegat Bay
"$350,000",3,3+,"2,300",2,71 Nautilus Dr,Barnegat,NJ,08005,RE/MAX At Barnegat Bay
"$285,000",2,1,,1,1101 Egret Ct,Forked River,NJ,08731,"Investors Realty Services, Llc"
"$184,000",3,1+,"1,164",1,725 Sunrise Blvd,Lacey Township,NJ,08731,RE/MAX at Barnegat Bay
"$249,900",4,1+,"2,000",2,49 Highland Dr,Barnegat,NJ,08005,Coldwell Banker Home Connection
"$325,000",2,2,"1,848",2,8 Sturgeon St,Barnegat,NJ,08005,C21/ Action Plus Rlty
"$379,995",2,2,"1,915",2,Houghton,Forked River,NJ,08731,Toll Brothers
"$398,900",4,2+,"2,500",2,16 2nd St,Barnegat,NJ,08005,"Weichert, Realtors - Long Beach Island"
"$30,000",,,,,Capshaw Rd,Forked River,NJ,08731,CENTURY 21 Action Plus Realty
"$30,000",,,,,Capshaw Rd,Lacey Township,NJ,08731,CENTURY 21 Action Plus Realty
"$325,000",4,2+,"2,614",1,2207 Sweetwood Dr,Lacey Township,NJ,08731,CBRivieraRealty3109
"$74,000",,,,,End of Hatteras Way,Barnegat,NJ,08005,BAYSHORE AGENCY
"$14,990",,,,,203 Lakeside Dr E,Lacey Township,NJ,08731,RE/MAX at Barnegat Bay
"$14,990",,,,,203 Lakeside Dr E,Lacey Township,NJ,08731,RE/MAX at Barnegat Bay
"$379,000",4,2+,"2,613",2,13 Dori Ln,Barnegat,NJ,08005,RE/MAX At Barnegat Bay
"$337,900",4,2+,"2,300",2,7 Nantucket Ave,Barnegat,NJ,08005,Coldwell Banker Riviera Realty
"$337,900",4,2+,"2,300",2,9 Nantucket Ave,Barnegat,NJ,08005,Coldwell Banker Riviera Realty
"$20,000",2,2,,,101 Cypress Ln,Barnegat,NJ,08005,RE/MAX At Barnegat Bay
"$359,764",3,2,"1,958",2,51 Woodchuck Dr,Barnegat,NJ,08005,Keller Williams Shore Properties
"$358,852",3,2,1,2,3 Raccoon Ln,Barnegat,NJ,08005,Keller Williams Shore Properties
"$409,995",3,3,"2,578",2,Bronson,Forked River,NJ,08731,Toll Brothers
"$346,765",2,2,"1,865",2,53 Woodchuck Dr,Barnegat,NJ,08005,Keller Williams Shore Properties
"$360,000",4,2+,"2,300",1,1346 Lee Way,Forked River,NJ,08731,"Hollston Realty Group, Llc"
"$155,400",4,1+,"2,084",,3 Hull Ct,Barnegat,NJ,08005,Carrington Real Estate Services Llc
"$337,900",4,2+,"2,300",2,5 Nantucket Ave,Barnegat,NJ,08005,Coldwell Banker Riviera Realty
"$599,000",6,6,"6,071",2,1771 Woodside Rd,Lacey Township,NJ,08731,Pacesetter Realty
"$299,000",4,3+,"2,500",2,25 Hannah Lee Rd,Barnegat,NJ,08005,BOB GRIMM AGENCY
"$369,109",3,3,"2,570",2,10 Raccoon Ln,Barnegat,NJ,08005,Keller Williams Shore Properties
"$339,373",3,2,"1,865",2,9 Raccoon Ln,Barnegat,NJ,08005,Keller Williams Shore Properties
"$229,900",2,2,"1,772",1,95 Robin Ln,Barnegat,NJ,08005,Van Dyk Group - Barnegat
"$317,869",3,2,"1,664",2,7 Raccoon Ln,Barnegat,NJ,08005,Keller Williams Shore Properties
"$69,900",,,,,Chelsea St,Forked River,NJ,08731,CBRivieraRealty3109
"$355,000",4,3+,"2,551",2,256 Dogwood Ln,Forked River,NJ,08731,CENTURY 21 Action Plus Realty
"$289,900",4,2+,"2,172",2,428B Lake Barnegat Dr N Unit B,Forked River,NJ,08731,"Weichert, Realtors - Brick"
"$259,000",3,1+,"1,688",2,5 Hearth Ct,Barnegat,NJ,08005,C21/ Action Plus Rlty
"$244,900",4,3,"2,745",2,827 W Bay Ave,Barnegat,NJ,08005,RE/MAX at Barnegat Bay
"$207,500",3,2+,,2,158 Ravenwood Blvd,Barnegat,NJ,08005,Home Alliance Realty
"$69,900",,,,,Chelsea St,Lacey Township,NJ,08731,CBRivieraRealty3109
"$224,999",4,3,,2,1749 Hillside Pl,Forked River,NJ,08731,Keller Williams Preferred Properties
"$500,000",3,2,"1,848",1,1604 Beach Blvd,Forked River,NJ,08731,CENTURY 21 Action Plus Realty
"$277,500",3,2+,"2,016",2,1209 Koa Dr,Forked River,NJ,08731,RealHome Services & Solutions
"$249,900",3,2,"1,364",1,10 Driftwood Ct,Barnegat,NJ,08005,ERA Central Realty Group
"$281,420",3,3+,"2,800",2,4 Passage Ln,Barnegat,NJ,08005,CBRivieraRealty3109
"$242,500",3,1+,"1,206",,1011 Sarasota Dr,Forked River,NJ,08731,Exit Realty Elite
"$220,000",3,1,,,104 Cactus Dr,Lacey Township,NJ,08734,ONE WORLD REALTY
"$395,000",3,2,,1,816 Sunrise Blvd,Forked River,NJ,08731,Weidel Realtors - Princeton
"$10,000",,,,,Lakeside Dr,Forked River,NJ,08731,"Diane Turton, Realtors - Brick Office"
"$5,000",,,,,Ocean St,Forked River,NJ,08731,"Weichert, Realtors - Forked River"
"$5,000",,,,,Ocean St,Lacey Township,NJ,08731,"Weichert, Realtors - Forked River"
"$279,900",3,2+,"1,700",2,67 Deer Run Dr S,Barnegat,NJ,08005,CBRivieraRealty3109
"$259,900",3,1+,"1,464",2,55 Hillside Ave,Barnegat,NJ,08005,Coldwell Banker Home Connection
"$249,900",3,2,,2,253 Lower Lake Dr,Forked River,NJ,08731,Keller Williams Shore Properties
"$409,995",3,3,"2,679",2,Hammond,Forked River,NJ,08731,Toll Brothers
"$405,000",2,2,"1,996",2,20 Gladstone St,Lacey Township,NJ,08731,"Weichert, Realtors - Forked River"
"$349,900",5,3+,"2,582",2,1577 Dee Rd,Forked River,NJ,08731,Blue Diamond Realty
"$89,000",,,,,Niihau Dr,Forked River,NJ,08731,"Weichert, Realtors - Forked River"
"$89,000",,,,,Niihau Dr,Lacey Township,NJ,08731,"Weichert, Realtors - Forked River"
"$169,900",3,1,"1,108",,106 N Point Ct,Lacey Township,NJ,08734,RE/MAX at Barnegat Bay
"$225,000",2,2,"1,554",1,43 Sandpiper Rd,Barnegat,NJ,08005,Van Dyk Group - Barnegat
"$280,000",2,1+,"1,092",1,642 Fairview Ln,Lacey Township,NJ,08731,RE/MAX at Barnegat Bay
"$224,500",2,2,"1,565",1,19 Lakeland Dr,Barnegat,NJ,08005,"Weichert, Realtors - Long Beach Island"
"$385,000",5,3+,"3,000",2,95 Freedom Hills Dr,Barnegat,NJ,08005,Century 21 Jrs Realty
"$229,900",3,1+,"1,350",1,1754 Inwood Pl,Forked River,NJ,08731,1-2-3 REALTORS
"$434,444",2,2,"1,975",2,139 Ambermist Way,Forked River,NJ,08731,TOLL BROTHERS REAL ESTATE
"$345,135",4,2+,"2,169",3,6 Hopper Ave,Barnegat,NJ,08005,Keller Williams Shore Properties
"$336,960",4,2+,"1,906",2,26 Avalon Ave,Barnegat,NJ,08005,Keller Williams Shore Properties
"$369,990",4,2+,"2,867",2,7 Cape Cod Ave,Barnegat,NJ,08005,Keller Williams Shore Properties
"$369,990",4,2+,"2,867",2,7 Catalina Ave,Barnegat,NJ,08005,Keller Williams Shore Properties
"$299,990",3,2,"1,664",2,5 Cape Cod Ave,Barnegat,NJ,08005,Keller Williams Shore Properties
"$349,900",4,2+,,2,15 Hearth Ct,Barnegat,NJ,08005,Robert Defalco Realty
"$178,000",2,2,,1,13 Sequoia Ct,Barnegat,NJ,08005,Keller Williams Preferred Properties
"$219,000",3,1,,,283 S Main St,Barnegat,NJ,08005,RE/MAX CENTRAL
"$143,000",3,2,"1,336",1,9A Emerald Dr Unit A,Barnegat,NJ,08005,Keller Williams Preferred Properties
"$242,887",3,2+,"2,678",1,332 Hawthorne Ln,Barnegat,NJ,08005,Keller Williams Shore Properties
"$242,887",3,2+,"2,678",1,330 Hawthorne Ln,Barnegat,NJ,08005,Keller Williams Shore Properties
"$242,887",3,2+,"2,678",1,334 Hawthorne Ln,Barnegat,NJ,08005,Keller Williams Shore Properties
"$210,000",2,1,700,,1121 Cape May Dr,Forked River,NJ,08731,"RE/MAX REAL ESTATE, LTD."
"$353,900",2,2,"1,866",2,39 Garden Path,Barnegat,NJ,08005,"The Marketing Directors, Inc."
"$279,900",3,2,"1,720",,520 Middle Branch Dr,Forked River,NJ,08731,Berkshire Hathaway HomeServices Healy Realtors
"$179,900",4,2,,1,2403 Good Luck Rd,Forked River,NJ,08731,Berkshire Hathaway HomeServices Healy Realtors
"$409,900",2,2,"2,125",2,33 Gladstone St,Lacey Township,NJ,08731,RE/MAX NEW BEGINNINGS REALTY
"$277,672",3,2+,"2,663",2,338 Hawthorne Ln,Barnegat,NJ,08005,Keller Williams Shore Properties
"$249,000",3,1+,"1,630",1,56 Bowline St,Barnegat,NJ,08005,Keller Williams Elite
"$74,900",3,1,996,,116 6th St,Ocean Township Waretown,NJ,08005,Our Shore Real Estate
"$354,990",5,3+,"2,814",2,9 Catalina Ave,Barnegat,NJ,08005,Keller Williams Shore Properties
"$319,990",4,2+,"1,906",2,24 Tina Way,Barnegat,NJ,08005,Keller Williams Shore Properties
"$319,990",4,2+,"1,906",2,27 Catalina Ave,Barnegat,NJ,08005,Keller Williams Shore Properties
"$199,000",3,2,"1,965",,618 Beach Blvd,Lacey Township,NJ,08731,Pacesetter Realty
"$374,547",3,2,"1,905",2,43 Woodchuck Dr,Barnegat,NJ,08005,Keller Williams Shore Properties
"$331,530",2,2,"1,748",2,2 Raccoon Ct,Barnegat,NJ,08005,Keller Williams Shore Properties
"$244,900",3,1+,"1,865",1,9 Maplewood Ct,Barnegat,NJ,08005,G. Anderson Agency - Hb
"$149,000",3,1,"1,250",,408 Beach Blvd,Lacey Township,NJ,08731,RE/MAX at Barnegat Bay
"$215,000",2,2,"1,200",1,2007 Parkside Dr,Lacey Township,NJ,08731,RE/MAX NEW BEGINNINGS REALTY
"$348,215",4,2,"1,958",2,39 Woodchuck Dr,Barnegat,NJ,08005,Keller Williams Shore Properties
"$129,000",2,2,,,4750 Summersweet Dr Unit 339,Lacey Township,NJ,08330,Better Homes and Gardens Real Estate Maturo Realty Group
"$343,130",2,2,"1,748",2,37 Woodchuck Dr,Barnegat,NJ,08005,Keller Williams Shore Properties
"$346,995",2,2,"1,748",2,41 Woodchuck Dr,Barnegat,NJ,08005,Keller Williams Shore Properties
"$69,900",,,,,Station Dr,Lacey Township,NJ,08731,CBRivieraRealty3109
"$69,900",,,,,Station Dr,Forked River,NJ,08731,CBRivieraRealty3109
"$450,000",,,,,Orlando Dr,Lacey Township,NJ,08731,Pacesetter Realty
"$450,000",,,,,Orlando Dr,Forked River,NJ,08731,Pacesetter Realty
"$279,900",3,3,"2,346",2,118 Marshfield Hills Blvd,Barnegat,NJ,08005,RE/MAX at Barnegat Bay
"$145,900",3,1,"1,573",,422 Riverview Rd,Lacey Township,NJ,08731,RE/MAX at Barnegat Bay
"$598,900",5,3,"3,280",2,1716 Key West Rd,Lacey Township,NJ,08731,RE/MAX at Barnegat Bay
"$234,900",3,2+,"2,100",1,255 Hawthorne Ln,Barnegat,NJ,08005,RE/MAX At Barnegat Bay
"$139,000",3,1+,,1,45 Mizzen Dr,Barnegat,NJ,08005,Coldwell Banker Residential Brokerage - Spring Lake Office
"$99,900",4,1+,"1,614",1,6 Commodore Ct,Barnegat,NJ,08005,Realmart Realty - Flat Fee to 1% Agent Assist Service
"$209,900",3,1,,,437 Lake Barnegat Dr,Forked River,NJ,08731,Glen Kelly Real Estate LLC
"$54,900",3,2,"1,300",,162 Brighton Rd,Barnegat,NJ,08005,RE/MAX NEW BEGINNINGS REALTY
"$249,000",3,1+,"1,344",,413 Elwood St,Forked River,NJ,08731,RE/MAX NEW BEGINNINGS REALTY
"$353,081",4,2,"1,958",2,25 Woodchuck Dr,Barnegat,NJ,08005,Keller Williams Shore Properties
"$359,819",4,2,"1,958",2,35 Woodchuck Dr,Barnegat,NJ,08005,Keller Williams Shore Properties
"$348,242",3,2,"1,905",2,34 Woodchuck Dr,Barnegat,NJ,08005,Keller Williams Shore Properties
"$310,840",2,2,"1,748",2,30 Woodchuck Dr,Barnegat,NJ,08005,Keller Williams Shore Properties
"$329,869",3,2,"1,664",2,29 Woodchuck Dr,Barnegat,NJ,08005,Keller Williams Shore Properties
"$318,844",3,2,"1,664",2,32 Woodchuck Dr,Barnegat,NJ,08005,Keller Williams Shore Properties
"$249,366",3,2+,"2,678",1,342 Hawthorne Ln,Barnegat,NJ,08005,Keller Williams Shore Properties
"$244,322",3,2+,"2,678",1,340 Hawthorne Ln,Barnegat,NJ,08005,Keller Williams Shore Properties
"$380,000",2,2,"1,728",2,53 Butler Dr,Barnegat,NJ,08005,Lennar Sales Corp.
"$351,000",3,2,"1,840",2,60 Butler Dr,Barnegat,NJ,08005,Lennar Sales Corp.
"$251,160",3,2+,"2,678",1,346 Hawthorne Ln,Barnegat,NJ,08005,Keller Williams Shore Properties
"$259,900",4,1+,"1,800",1,2 Knox Ct,Barnegat,NJ,08005,Coldwell Banker Home Connection
"$299,000",2,2,"1,829",2,50 Rocky Brook Dr,Barnegat,NJ,08005,Berkshire Hathaway Homesvcs Fox & Roach
"$179,000",3,2,"1,179",1,121 Village Dr,Barnegat,NJ,08005,Coldwell Banker Home Connection
"$250,000",5,2,"1,994",,104 Railroad Ave,Barnegat,NJ,08005,RE/MAX NEW BEGINNINGS REALTY
"$210,000",3,1+,"1,092",1,910 W Panama Ct,Forked River,NJ,08731,"Elite Team Realty, llc"
"$449,900",4,2+,,1,739 Princeton Rd,Lacey Township,NJ,08734,RE/MAX at Barnegat Bay
"$489,000",5,3+,"3,080",2,5 Michael Ave,Barnegat,NJ,08005,Van Dyk Group - Barnegat
"$139,000",3,2,"1,318",1,6 Red Coat Dr,Barnegat,NJ,08005,Coldwell Banker Flanagan Realty
"$295,000",3,2+,"2,200",2,9 Willowtree Ct,Barnegat,NJ,08005,RE/MAX at Barnegat Bay
"$339,000",3,1+,,2,511 Van Dyke Ave,Forked River,NJ,08731,RE/MAX at Barnegat Bay
"$275,000",3,1,"2,057",1,720 W Bay Ave,Barnegat,NJ,08005,Coldwell Banker Home Connection
"$419,000",2,2,"1,889",2,137 Ambermist Way,Forked River,NJ,08731,TOLL BROTHERS REAL ESTATE
"$431,456",2,2,"1,889",2,204 Arborridge Dr,Forked River,NJ,08731,TOLL BROTHERS REAL ESTATE
"$125,000",,,,,775 W Bay Ave,Barnegat,NJ,08005,Pacesetter Realty
"$75,000",,,,,F St,Forked River,NJ,08731,Exit Realty Elite
"$324,900",4,2+,"2,200",2,1109 Inland Rd,Forked River,NJ,08731,RE/MAX at Barnegat Bay
"$194,500",3,2,"1,375",,102 Beverly Dr,Barnegat,NJ,08005,remax 1st advantage
"$339,000",4,3+,,1,332 E Lacey Rd Unit 32,Forked River,NJ,08731,"Keller Williams Preferred Properties, Ship Bottom"
"$205,000",3,2,"1,421",1,75 Highland Dr,Barnegat,NJ,08005,"Weichert, Realtors - Long Beach Island"
"$338,800",3,2+,"1,820",1,332 E Lacey Rd,Lacey Township,NJ,08731,Keller Williams Preferred Properties
"$259,900",3,2+,"2,085",1,204 Hawthorne Ln,Barnegat,NJ,08005,J J ELEK GUARANTEE SALES
"$350,470",3,2,"1,865",2,27 Woodchuck Dr,Barnegat,NJ,08005,Keller Williams Shore Properties
"$220,000",4,2,,,216 Algonquin Trl,Forked River,NJ,08731,Crossroads Realty - Executive Office
"$289,000",3,1+,"1,310",,1227 Gemini Ct,Forked River,NJ,08731,RE/MAX At Barnegat Bay
"$320,990",3,2,"1,865",2,28 Woodchuck Dr,Barnegat,NJ,08005,Keller Williams Shore Properties
"$229,000",3,2,"1,933",,133 Brook St,Barnegat,NJ,08005,Long Beach Island Real Estate - Bhc
"$68,000",2,2,952,,81 Brighton Rd,Barnegat,NJ,08005,Pacesetter Realty
"$55,000",,,,,Pensacola Rd,Forked River,NJ,08731,Pacesetter Realty
"$199,000",4,2,"1,600",,108 Cedar Dr,Lacey Township,NJ,08734,RE/MAX at Barnegat Bay
"$320,000",3,3,,2,2256 Llewellyn Pkwy,Lacey,NJ,08731,Crossroads Realty - Toms River West
"$351,990",5,3+,"2,814",2,53 Tina Way,Barnegat,NJ,08005,Keller Williams Shore Properties
"$259,000",2,1,"1,064",1,817 Bowline Dr,Lacey Township,NJ,08731,RE/MAX NEW BEGINNINGS REALTY
"$174,000",,,,,1419 Riverview Dr,Lacey Township,NJ,08731,"Weichert, Realtors - Forked River"
"$275,000",3,2,"2,000",1,12 Parkers Point Blvd,Lacey Township,NJ,08731,RE/MAX at Barnegat Bay
"$345,000",3,2+,"1,500",1,351 Harbor Vw Unit 51,Lacey Township,NJ,08731,Crossroads Realty - Waretown
"$264,500",3,2+,,,402 Elwood St,Forked River,NJ,08731,CENTURY 21 Action Plus Realty
"$150,000",,,,,16 Woodmansee Blvd,Barnegat,NJ,08005,Van Dyk Group - Barnegat
"$469,000",4,3+,"3,456",2,82 Rose Hill Rd,Barnegat,NJ,08005,"Berkshire Hathaway HomeServices Zack Shore, REALTORS®"
"$869,900",3,2+,"2,626",1,114 Harborage Pl,Ocean Township Waretown,NJ,08005,Van Dyk Group
"$429,900",5,2+,"2,225",4,660 E Bay Ave,Barnegat,NJ,08005,Van Dyk Group
"$205,000",3,1,,,1 Osprey Ct,Forked River,NJ,08731,CENTURY 21 Action Plus Realty
"$475,000",,,,,32-34 Woodmansee Blvd,Barnegat,NJ,08005,RE/MAX at Barnegat Bay
"$429,000",2,1,816,1,351 Bay Shore Dr,Barnegat,NJ,08005,RE/MAX at Barnegat Bay
"$389,900",3,3+,"3,407",2,55 Whitewater Dr,Barnegat,NJ,08005,RE/MAX At Barnegat Bay
"$60,000",,,,,29 Gunning River Rd,Barnegat,NJ,08005,G. Anderson Agency - Hb
"$130,000",2,1,966,1,1491 Clearview St,Lacey Township,NJ,08731,RE/MAX at Barnegat Bay
"$350,000",,,,,4 Union Blvd,Barnegat,NJ,08005,Crossroads Realty - Executive Office
"$195,000",2,1,,,333 Constitution Dr,Forked River,NJ,08731,Keller Williams Realty West Monmouth
"$89,900",2,1+,"1,079",,30 Mediterranean Ct,Barnegat,NJ,08005,"Berkshire Hathaway HomeServices Zack Shore, REALTORS®"
"$249,900",,,,,Tamiami Rd,Forked River,NJ,08731,"Weichert, Realtors - Forked River"
"$145,000",3,1,988,,59 Schooner Ave,Barnegat,NJ,08005,Williamson Realtors
"$389,900",2,2+,"2,277",2,30 Norwalk Ln,Barnegat,NJ,08005,Beach House Realty
"$157,000",1,1,700,1,603 Devon St,Forked River,NJ,08731,RE/MAX at Barnegat Bay
"$342,990",4,2+,"2,169",3,5 Pilot Ct,Barnegat,NJ,08005,Keller Williams Shore Properties
"$217,000",3,1,980,1,915 Pensacola Rd,Forked River,NJ,08731,Pacesetter Realty
"$50,000",,,,,Capshaw Rd,Forked River,NJ,08731,CENTURY 21 Action Plus Realty
"$50,000",,,,,Capshaw Rd,Lacey Township,NJ,08731,CENTURY 21 Action Plus Realty
"$49,000",,,,,4323 Post Rd,Lacey Township,NJ,08360,Better Homes and Gardens Real Estate Maturo Realty Group
"$469,900",5,3,"2,388",,1104 Albatross Ct,Lacey Township,NJ,08731,Keller Williams Shore Properties
"$218,900",3,1+,"1,500",,396 Constitution Dr,Lacey Township,NJ,08731,Pacesetter Realty
"$311,990",4,2+,"2,093",2,9 Tradewinds Ave,Barnegat,NJ,08005,Keller Williams Shore Properties
"$5,000",,,,,Ocean St,Forked River,NJ,08731,RE/MAX at Barnegat Bay
"$39,900",,,,,G St,Forked River,NJ,08731,RE/MAX at Barnegat Bay
"$39,900",,,,,Clair Rd,Forked River,NJ,08731,RE/MAX at Barnegat Bay
"$5,000",,,,,Ocean St,Lacey Township,NJ,08731,RE/MAX at Barnegat Bay
"$5,000",,,,,Ocean St,Lacey Township,NJ,08731,RE/MAX at Barnegat Bay
"$39,900",,,,,Clair Rd,Lacey Township,NJ,08731,RE/MAX at Barnegat Bay
"$39,900",,,,,G St,Lacey Township,NJ,08731,RE/MAX at Barnegat Bay
"$5,000",,,,,Ocean St,Forked River,NJ,08731,RE/MAX at Barnegat Bay
"$158,900",3,1,979,1,312 Laurel Blvd,Lacey Township,NJ,08734,CBRivieraRealty3109
"$349,000",5,2+,"2,527",2,2 Sterling Ln,Barnegat,NJ,08005,Coldwell Banker Home Connection
"$149,000",,,,,Dolphin Ct,Forked River,NJ,08731,"Weichert, Realtors - Forked River"
"$269,900",3,2,"1,426",1,521 Conifer Dr,Lacey Township,NJ,08731,Pacesetter Realty
"$299,999",3,3,"2,504",2,9 Wadsworth Pl,Barnegat,NJ,08005,"Weichert, Realtors - Toms River"
"$299,900",,,,,1706 Beach Blvd,Forked River,NJ,08731,Pecora Realtors
"$334,990",4,3,"2,270",2,21 Woodchuck Dr,Barnegat,NJ,08005,Keller Williams Shore Properties
"$429,900",5,2+,"3,400",1,542 Brentwood Rd,Lacey Township,NJ,08731,"Mary Allen Realty, Inc."
"$139,000",,,,,302 Cambridge Rd,Lacey Township,NJ,08734,RE/MAX NEW BEGINNINGS REALTY
"$695,000",,,,,320 Old Cedar Bridge Rd,Barnegat,NJ,08005,Van Dyk Group-Beach Haven Terrace
"$950,000",4,3+,"4,112",3,1200 Penguin Ct,Lacey Township,NJ,08731,RE/MAX NEW BEGINNINGS REALTY
"$359,900",2,2+,"2,206",2,22 Passage Ln,Barnegat,NJ,08005,Northfield
"$179,900",5,2,"1,700",,43 Gunning River Rd,Barnegat,NJ,08005,RE/MAX At Barnegat Bay
"$355,500",5,3,"2,559",3,304 Merrimac Rd,Forked River,NJ,08731,"Weichert, Realtors - Medford"
"$249,999",3,2,"1,478",,311 Clairmore Ave,Lacey Township,NJ,08734,Keller Williams Shore Properties
"$230,000",3,2,"1,640",1,304 Farragut Dr,Lacey Township,NJ,08731,Keller Williams Shore Properties
"$334,900",3,1,"1,442",,228 Rahway Rd,Barnegat,NJ,08005,Coldwell Banker Home Connection
"$157,000",3,2,"1,513",2,714 Eagleswood Pl,Forked River,NJ,08731,RE/MAX At Barnegat Bay
"$259,900",2,2+,"2,040",1,701 Sunrise Blvd,Forked River,NJ,08731,"RE/MAX REAL ESTATE, LTD."
"$775,000",4,4,"4,132",2,1206 Laurel Blvd,Lacey Township,NJ,08734,RE/MAX NEW BEGINNINGS REALTY
"$25,000",,,,,114 Lakeview Dr,Barnegat,NJ,08005,CBRivieraRealty3109
"$60,000",,,,,Clairmore Ave,Lacey Township,NJ,08734,RE/MAX at Barnegat Bay
"$239,000",4,3,,1,1222 Sylvania Ave,Forked River,NJ,08731,Crossroads Realty - Whiting
"$149,999",,,,,Pershing Ave,Lacey Township,NJ,08731,Pacesetter Realty
"$394,000",2,2,"2,285",2,57 Butler Dr,Barnegat,NJ,08005,Van Dyk Group - Barnegat
"$440,000",2,2+,"2,229",2,95 Mission Way,Barnegat,NJ,08005,CBRivieraRealty3109
"$599,000",3,2+,"2,421",2,602 Kimberly Ct,Lacey Township,NJ,08731,"Weichert, Realtors - Forked River"
"$689,000",4,2+,"3,128",2,707 Fairview Ln,Lacey Township,NJ,08731,RE/MAX NEW BEGINNINGS REALTY
"$144,900",3,1+,"1,390",1,207 6th St,Ocean Township Waretown,NJ,08005,RE/MAX at Barnegat Bay
"$99,900",,,,,117 Bengal Blvd,Barnegat,NJ,08005,RE/MAX At Barnegat Bay
"$249,000",4,2,"1,152",,428 E Bay Ave,Barnegat,NJ,08005,Keller Williams Preferred Properties
"$125,000",3,2+,,2,95 Village Dr,Barnegat,NJ,08005,"Weichert, Realtors - Brick"
"$60,000",2,1,916,,14 Potomac Ct,Barnegat,NJ,08005,Coldwell Banker Home Connection
"$60,000",2,1,916,,91 Lexington Blvd,Barnegat,NJ,08005,Coldwell Banker Home Connection
"$369,000",3,3+,"3,323",2,17 Mountain Stream Ct,Barnegat,NJ,08005,RE/MAX At Barnegat Bay
"$690,000",4,4,"3,021",2,740 Fairview Ln,Forked River,NJ,08731,CENTURY 21 Action Plus Realty
"$299,000",4,2,"2,240",,701 Signal St,Lacey Township,NJ,08734,RE/MAX at Barnegat Bay
"$259,500",,,,,Montauk Dr,Forked River,NJ,08731,"Weichert, Realtors - Point Pleasant Beach"
"$809,900",5,4,"4,180",1,1231 Orlando Dr,Lacey,NJ,08731,Childers Sotheby's Int Realty
"$269,000",4,2+,"2,136",1,3 Southwind Ct,Barnegat,NJ,08005,Van Dyk Group
"$439,900",3,3,"2,554",2,0G Grace Pl,Barnegat,NJ,08005,RE/MAX NEW BEGINNINGS REALTY
"$599,999",4,3,"2,450",2,811 Ensign Dr,Lacey Township,NJ,08731,RE/MAX at Barnegat Bay
"$220,000",2,1+,"1,608",,441 E Bay Ave Unit 9,Barnegat,NJ,08005,RE/MAX at Barnegat Bay
"$160,000",2,1,"1,148",,265 Central Lake Ave,Forked River,NJ,08731,VRI Homes Keyport
"$220,000",3,1,,1,503 Knollwood Ct,Lacey Township,NJ,08734,RE/MAX At Barnegat Bay
"$230,000",3,1+,"1,520",1,211 Montclair Rd S,Barnegat,NJ,08005,Pacesetter Realty
"$179,000",4,2,"1,614",,374 N Main St,Barnegat,NJ,08005,Van Dyk Group
"$62,000",1,1,816,,16 Mediterranean Ct,Barnegat,NJ,08005,RealHome Services & Solutions
"$149,000",3,1,,,113 Village Dr,Barnegat,NJ,08005,C21/ VALUE PLUS REALTY
"$484,900",4,4+,"4,000",3,413 Brandywine Ave,Lacey Township,NJ,08731,Pacesetter Realty
"$474,900",3,2,"2,623",,237 Bay Shore Dr,Barnegat,NJ,08005,RE/MAX At Barnegat Bay
"$76,000",,,,,104 Manchester Ave,Forked River,NJ,08731,"DeGeorge Realty, LLC"
"$329,000",2,2,"1,623",yes,59 Butler Dr,Barnegat,NJ,08005,Keller Williams Real Estate-Princeton
"$355,000",4,2+,"2,300",2,19 Pulaski Dr,Barnegat,NJ,08005,Keller Williams Realty West Monmouth
"$49,000",,,,,Elsiah St,Forked River,NJ,08731,"Weichert, Realtors - Forked River"
"$49,000",,,,,Elsiah St,Lacey Township,NJ,08731,"Weichert, Realtors - Forked River"
"$425,000",5,2+,"3,356",3,2512 Smith Rd,Lacey Township,NJ,08731,CENTURY 21 Action Plus Realty
"$257,900",3,2,,2,1200 Taylor Ln,Lacey Township,NJ,08731,RE/MAX at Barnegat Bay
"$419,900",4,2+,"2,800",2,0D Grace Pl,Barnegat,NJ,08005,RE/MAX NEW BEGINNINGS REALTY
"$359,900",3,2+,"1,890",2,0A Grace Pl,Barnegat,NJ,08005,RE/MAX NEW BEGINNINGS REALTY
"$374,900",4,2+,"2,080",2,0B Grace Pl,Barnegat,NJ,08005,RE/MAX NEW BEGINNINGS REALTY
"$379,900",3,2+,"1,865",2,0E Grace Pl,Barnegat,NJ,08005,RE/MAX NEW BEGINNINGS REALTY
"$399,900",4,2+,"2,550",2,0C Grace Pl,Barnegat,NJ,08005,RE/MAX NEW BEGINNINGS REALTY
"$104,900",4,1+,"1,773",1,31 Capstan St,Barnegat,NJ,08005,RE/MAX at Barnegat Bay
"$155,000",,,,,290 S Main St,Barnegat,NJ,08005,ERA American Towne Realty
"$225,000",3,1+,"1,493",2,738 Weehawken Ave,Forked River,NJ,08731,"RE/MAX Bay Point, REALTORS"
"$199,900",3,3+,,1,124 Spruce Cir N,Barnegat,NJ,08005,ERA American Towne Realty
"$229,000",3,1,,1,221 Bay Shore Dr,Barnegat,NJ,08005,Re/Max West Realtors
"$1,000",,,,,46 Twain Ave,Barnegat,NJ,08005,Van Dyk Group
"$1,000",,,,,47 Luke Ave,Barnegat,NJ,08005,Van Dyk Group
"$1,000",,,,,50 Twain Ave,Barnegat,NJ,08005,Van Dyk Group
"$3,000",,,,,47 Twain Ave,Barnegat,NJ,08005,Van Dyk Group
"$399,999",3,2,,2,25 Parkers Point Blvd,Forked River,NJ,08731,"Camassa Agency, Inc."
"$299,900",4,1+,"1,800",yes,209 Montclair Rd S,Barnegat,NJ,08005,RE/MAX At Barnegat Bay
"$59,000",,,,,On Harry Pond,Barnegat,NJ,08005,Nai Atlantic Coast Realty
"$90,000",,,,,62 Fawcett Blvd,Barnegat Light,NJ,08005,BHHS New Jersey Properties Westfield
"$349,999",3,2,"2,270",2,164 Warren Grove Rd,Barnegat,NJ,08005,BHHS New Jersey Properties Millstone
"$214,900",3,2,"1,577",1,332 Briggs Ave,Lacey Township,NJ,08731,RE/MAX at Barnegat Bay
"$347,000",3,2,"1,672",,1103 Capstan Dr,Lacey Township,NJ,08731,RE/MAX at Barnegat Bay
"$449,900",3,2,"2,300",2,4 Garden Path Dr,Barnegat,NJ,08005,"The Marketing Directors, Inc."
"$161,500",3,1,"1,180",,13 Commodore Ct,Barnegat,NJ,08005,Pacesetter Realty
"$16,000",,,,,Lakeside,Forked River,NJ,08731,Keller Williams Realty West Monmouth
"$80,000",,,,,Newark Ave,Forked River,NJ,08731,"Weichert, Realtors - Forked River"
"$80,000",,,,,Daniel St,Forked River,NJ,08731,"Weichert, Realtors - Forked River"
"$80,000",,,,,Calvin Ave,Forked River,NJ,08731,"Weichert, Realtors - Forked River"
"$40,000",,,,,Calvin St,Forked River,NJ,08731,"Weichert, Realtors - Forked River"
"$30,000",,,,,Ocean St,Forked River,NJ,08731,"Weichert, Realtors - Forked River"
"$419,900",4,2+,"2,500",2,1039 Hoyt St,Forked River,NJ,08731,RE/MAX at Barnegat Bay
"$795,000",4,3,,2,1305A Kauai Dr,Forked River,NJ,08731,Glen Kelly Real Estate LLC
"$799,900",3,2+,"2,700",2,867 Sunrise Blvd,Lacey Township,NJ,08731,RE/MAX at Barnegat Bay
"$1,100,000",5,3+,"3,030",2,339 Bay Shore Dr,Barnegat,NJ,08005,Coldwell Banker Home Connection
"$50,000",,,,,27 Tina Way,Barnegat,NJ,08005,RE/MAX At Barnegat Bay
"$50,000",,,,,29 Tina Way,Barnegat,NJ,08005,RE/MAX At Barnegat Bay
"$60,000",,,,,55 Tina Way,Barnegat,NJ,08005,RE/MAX At Barnegat Bay
"$77,500",3,1,720,,420 Beach Blvd,Lacey Township,NJ,08731,RE/MAX at Barnegat Bay
"$145,000",3,2,"1,336",1,10A Opal Ct Unit A,Barnegat,NJ,08005,Keller Williams Preferred Properties
"$199,900",3,1,"1,217",,607 Bowsprit Pt,Lacey Township,NJ,08734,Crossroads Realty - Waretown
"$174,900",3,1+,"1,235",1,30 1st St,Barnegat,NJ,08005,"HOME ALLIANCE REALTY, LLC"
"$299,900",,,,,235 Route 72,Barnegat,NJ,08005,RE/MAX At Barnegat Bay
"$49,000",,,,,401 S Main St,Forked River,NJ,08731,RE/MAX NEW BEGINNINGS REALTY
"$55,000",,,,,Pensacola Rd,Lacey Township,NJ,08731,Pacesetter Realty
"$153,000",4,1+,"1,588",2,1 Woodmere Ct,Barnegat,NJ,08005,"HOME ALLIANCE REALTY, LLC"
"$750,000",3,2,"1,932",2,839 Ensign Dr,Lacey Township,NJ,08731,RE/MAX at Barnegat Bay
"$350,000",4,2+,,2,13 Renee Ct,Lacey Township,NJ,08731,RE/MAX at Barnegat Bay
"$329,000",5,2,"1,395",,1805 Hawser Dr,Lacey Township,NJ,08731,Crossroads Realty - Lacey
"$299,900",,,,,235 239 Route 72,Barnegat,NJ,08005,RE/MAX At Barnegat Bay
"$299,900",,,,,235-239 Route 72 Rte,Barnegat,NJ,08005,RE/MAX At Barnegat Bay
"$130,000",4,1+,"1,609",1,149 Village Dr,Barnegat,NJ,08005,Keller Williams Atlantic Shore
"$399,900",4,2+,"2,700",2,12 Highland Dr,Barnegat,NJ,08005,Coldwell Banker Riviera Realty
"$439,000",3,2,"1,812",1,1017 E Hickory Dr,Lacey Township,NJ,08734,"Berkshire Hathaway HomeServices Zack Shore, REALTORS®"
"$224,900",2,1,"1,104",,90 Burr St,Barnegat,NJ,08005,Coldwell Banker Riviera Realty
"$39,000",,,,,Drew Ave,Lacey Township,NJ,08734,CBRivieraRealty3109
"$249,000",,,,,289 Route 72 Hwy,Barnegat,NJ,08005,"Mary Allen Realty, Inc."
"$10,700",,,,,49 Windjammer Dr,Barnegat,NJ,08005,ERA American Towne Realty
"$257,000",3,2,"2,110",2,10 Revere Ct,Barnegat,NJ,08005,Glen Kelly Real Estate LLC
"$49,000",,,,,15 Fair Oaks Dr,Barnegat,NJ,08005,ERA/ East Port Realty
"$27,000",,,,,66 Gunning River Rd,Barnegat,NJ,08005,Coldwell Banker Riviera Realty
"$169,900",3,1+,"1,064",1,1412 Foch Ave,Forked River,NJ,08731,Bay Coast Realty
"$275,000",,,,,819 Bowline Dr,Lacey Township,NJ,08731,RE/MAX NEW BEGINNINGS REALTY
"$329,000",2,1,,,703 Chesapeake Dr,Forked River,NJ,08731,Partners Realty Group
"$260,000",2,1,"1,400",2,834 Sunrise Blvd,Lacey Township,NJ,08731,CBRivieraRealty3109
"$24,900",,,,,L St,Forked River,NJ,08731,CBRivieraRealty3109
"$24,900",,,,,L St,Lacey Township,NJ,08731,CBRivieraRealty3109
"$275,000",,,,,Manchester Ave,Lacey Township,NJ,08731,ISLAND REALTY-SURF CITY
"$23,000",,,,,Fairview St,Forked River,NJ,08731,Pacesetter Realty
"$23,000",,,,,Fairview St,Lacey Township,NJ,08731,Pacesetter Realty
"$26,500",,,,,8 Conrad Ave,Barnegat,NJ,08005,Pacesetter Realty
"$18,000",,,,,20 N Bayonne Ave,Forked River,NJ,08731,"Weichert, Realtors - Metuchen"
"$69,000",,,,,73 Highland Dr,Barnegat,NJ,08005,"HOME ALLIANCE REALTY, LLC"
"$80,000",,,,,Lake Barnegat Dr,Forked River,NJ,08731,CBRivieraRealty3109
"$130,000",,,,,Lacey Rd,Forked River,NJ,08731,CBRivieraRealty3109
"$80,000",,,,,Lake Barnegat Dr,Lacey Township,NJ,08731,CBRivieraRealty3109
"$130,000",,,,,Lacey Rd,Lacey Township,NJ,08731,CBRivieraRealty3109
"$249,000",,,,,Maxim Dr,Forked River,NJ,08731,RE/MAX at Barnegat Bay
"$249,000",,,,,Maxim Dr,Lacey Township,NJ,08731,RE/MAX at Barnegat Bay
"$275,000",,,,,Lacey Rd,Forked River,NJ,08731,CBRivieraRealty3109
"$275,000",,,,,Lacey Rd,Lacey Township,NJ,08731,CBRivieraRealty3109
"$150,000",,,,,223 Bay Shore Dr,Barnegat,NJ,08005,Re/Max Homeland West
"$39,900",,,,,81 Gunning River Rd,Barnegat,NJ,08005,Coldwell Banker Riviera Realty
"$194,900",,,,,1021 W Bay Ave,Barnegat,NJ,08005,RE/MAX At Barnegat Bay
"$72,500",,,,,Hoyt St Unit 5,Forked River,NJ,08731,RE/MAX at Barnegat Bay
"$72,500",,,,,Hoyt St Unit 4,Forked River,NJ,08731,RE/MAX at Barnegat Bay
"$72,500",,,,,Hoyt St Unit 6,Forked River,NJ,08731,RE/MAX at Barnegat Bay
"$72,500",,,,,Hoyt St Unit 4,Lacey Township,NJ,08731,RE/MAX at Barnegat Bay
"$72,500",,,,,Hoyt St Unit 6,Lacey Township,NJ,08731,RE/MAX at Barnegat Bay
"$72,500",,,,,Hoyt St Unit 5,Lacey Township,NJ,08731,RE/MAX at Barnegat Bay
"$13,000",,,,,Argonne Ave,Forked River,NJ,08731,Pacesetter Realty
"$13,000",,,,,Argonne Ave,Lacey Township,NJ,08731,Pacesetter Realty
"$180,000",3,2+,"1,664",2,60 Barnegat Blvd S,Barnegat,NJ,08005,CBRivieraRealty3109
"$15,990",,,,,46 Gunning River Rd,Barnegat,NJ,08005,Kalos-Vessio Agency Inc.
"$3,999",,,,,1 Route 72,Barnegat,NJ,08005,Kalos-Vessio Agency Inc.
"$2,999",,,,,5 Route 72,Barnegat,NJ,08005,Kalos-Vessio Agency Inc.
"$299,999",,,,,1 Rt 9 and Gunning River Rd,Barnegat,NJ,08005,Kalos-Vessio Agency Inc.
"$6,999",,,,,1 Railroad Ave,Barnegat,NJ,08005,Kalos-Vessio Agency Inc.
"$45,000",,,,,68 Matisse Ave and Seurat St,Barnegat,NJ,08005,Kalos-Vessio Agency Inc.
