price,beds,baths,area_sqft,car_space_garage,street,city,district,postal,broker
"$486,000",2,2,"1,250",,9904 Seapointe Blvd Apt 418,Lower Township,NJ,08260,Keller Williams Realty - Jersey Shore
"$274,900",3,1+,988,,7 Venice Ave Unit C,West Wildwood,NJ,08260,ATLANTIS REALTY
"$50,000",3,1,"1,308",,415 W Glenwood Ave,Wildwood,NJ,08260,RE/MAX at The Shore
"$254,900",5,2,"1,350",2,113 E Walnut Ave,North Wildwood,NJ,08260,WEICHERT REALTORS COASTAL REO
"$174,900",1,1,531,,1800 Ocean Ave Unit 309,North Wildwood,NJ,08260,Don Martin Realty
"$375,000",3,2,,,326 E 3rd Ave Unit 301,North Wildwood,NJ,08260,"DESATNICK REAL ESTATE, L.L.C."
"$102,000",0,1,378,,222A Allen Dr,North Wildwood,NJ,08260,WEICHERT REALTORS COASTAL
"$159,500",1,1,,,711 Ocean Ave Unit 108,North Wildwood,NJ,08260,CENTURY 21 Alliance
"$140,000",1,1,495,,404 E Denver Ave Unit 310,Wildwood Crest,NJ,08260,Keller Williams Realty - Jersey Shore
"$189,000",2,1,,,119 E Rosemary Ave Unit 5,Wildwood Crest,NJ,08260,"Coldwell Banker James C. Otton Real Estate, Inc."
"$384,900",3,2,,,335 E 18th Ave Unit A,North Wildwood,NJ,08260,LEES REAL ESTATE AGENCY
"$257,500",3,2+,"1,500",,223 E Baker Ave Unit A,Wildwood,NJ,08260,"Don Martin Realty, Inc"
"$699,000",4,3+,"2,697",,105 W Syracuse Ave,Wildwood Crest,NJ,08260,RE/MAX BEACH HOME REALTY
"$339,000",3,2,"1,246",,301 E Leaming Ave Unit H,Wildwood,NJ,08260,Weichert Realtors Coastal
"$225,000",3,1+,,,215 E Hand Ave Unit 6,Wildwood,NJ,08260,WEICHERT REALTORS COASTAL
"$149,900",2,2,,,132 W Roberts Ave Unit 4,Wildwood,NJ,08260,"Jersey Cape Realty, Inc."
"$319,000",4,2+,"2,550",,2309 Central Ave,North Wildwood,NJ,08260,"Realhome Services And Solutions,Inc"
"$649,900",5,4,"3,000",2,309 E 6th Ave,North Wildwood,NJ,08260,RE/MAX at The Shore
"$215,000",2,1,588,,209 211 W 18th Ave Unit 1B,North Wildwood,NJ,08260,"Long & Foster Real Estate, Inc Nww"
"$269,000",2,1,"1,050",,5301 Ocean Ave Apt 209,Wildwood,NJ,08260,CHRIS HENDERSON REALTY
"$134,900",1,1+,,,300 Ocean Ave # 106,North Wildwood,NJ,08260,Keller Williams/Atlantic Shore
"$699,000",5,3+,"2,400",3,206 W Morning Glory Rd,Wildwood Crest,NJ,08260,RE/MAX at The Shore
"$219,900",2,1,,,414 W Maple Ave,Wildwood,NJ,08260,WEICHERT REALTORS HOEY GROUP/VILLAS
"$625,000",5,3+,,,501 W Poplar Ave,West Wildwood,NJ,08260,CENTURY 21 Alliance
"$275,000",2,1+,,,317 E 21st St Unit 2ND,North Wildwood,NJ,08260,"DESATNICK REAL ESTATE, L.L.C."
"$535,500",3,2+,,,9700 Atlantic Ave Unit S3,Lower Township,NJ,08260,Cabrera Coastal Real Estate
"$509,000",3,2+,,,408 E Myrtle Ave Unit 307,Wildwood Crest,NJ,08260,CENTURY 21 Alliance
"$139,900",,,,,4203 Susquehanna Ave,Wildwood,NJ,08260,CENTURY 21 Alliance
"$304,900",3,2+,,,227 E Andrews Ave Unit B-MIDDLE,Wildwood,NJ,08260,Weichert Realtors Coastal
"$254,900",3,2+,,,233 E Baker Ave Unit B,Wildwood,NJ,08260,Re/Max At The Shore
"$318,000",4,2+,,,124 E Leaming Ave Unit B,Wildwood,NJ,08260,"Long & Foster Real Estate, Inc Sh"
"$199,900",3,1+,,,107 W 18th Ave,North Wildwood,NJ,08260,WEICHERT REALTORS COASTAL
"$167,500",1,1,379,,513 E 7th Ave Unit 203,North Wildwood,NJ,08260,Keller Williams Realty - Jersey Shore
"$123,900",2,1,,,5001 Park Blvd Unit 4,Wildwood,NJ,08260,Blue Ocean Realty
"$45,000",1,1,,,225 E Wildwood Ave Unit 501,Wildwood,NJ,08260,LEES REAL ESTATE AGENCY
"$269,000",3,2,,1,640 W Pine Ave,West Wildwood,NJ,08260,WEICHERT REALTORS COASTAL
"$999,000",5,4,"2,600",,510 W 18th Ave Unit 510W18TH,North Wildwood,NJ,08260,Re/Max At The Shore
"$599,900",4,3+,,1,315 W Chestnut Ave,North Wildwood,NJ,08260,"Cape Islands Realty, Llc"
"$585,000",4,3,,1,322 E 16th Ave,North Wildwood,NJ,08260,WEICHERT REALTORS COASTAL REO
"$249,000",4,2,,3,232 W Pine Ave,Wildwood,NJ,08260,Weichert Coastal Realtors
"$309,000",3,2+,,1,123 E Spicer Ave,Wildwood,NJ,08260,The Oceanside Realty Team
"$334,900",4,2+,"1,664",4,226 W Buttercup Rd,Wildwood Crest,NJ,08260,RE/MAX At The Shore
"$789,000",4,3+,"3,137",1,301 E Farragut Rd,Wildwood Crest,NJ,08260,Daniels Realty-Diamond Beach
"$324,900",2,2,975,,300 E Raleigh Ave Apt 303,Lower Township,NJ,08260,RE/MAX At The Shore
"$295,000",4,3+,"2,360",,127 W Schellenger Ave,Wildwood,NJ,08260,Weichert Realtors Coastal
"$424,900",6,3,,,8401-8403 New Jersey Ave,Wildwood Crest,NJ,08260,CENTURY 21 Alliance
"$219,000",1,1,,,1000 Kennedy Dr Unit 413,North Wildwood,NJ,08260,Weichert Coastal Realtors
"$299,000",6,2,,,303 E Syracuse Ave,Wildwood Crest,NJ,08260,CHRIS HENDERSON REALTY
"$219,900",2,1,,,108 W Heather Rd Unit A,Wildwood Crest,NJ,08260,Keller Williams
"$284,900",3,2+,,1,439 W Baker Ave,Wildwood,NJ,08260,Blue Ocean Realty
"$449,900",3,2,,,407 E Monterey Ave Unit 302,Wildwood Crest,NJ,08260,LEES REAL ESTATE AGENCY
"$459,000",4,3,"1,700",,341 E 6th Ave Unit 3,North Wildwood,NJ,08260,ATLANTIS REALTY
"$329,000",3,2,,,214 E 25th Ave Apt 101,North Wildwood,NJ,08260,CALLOWAY REALTY
"$399,900",4,1+,,4,130 W Columbine Ave,Wildwood Crest,NJ,08260,"Long & Foster Real Estate, Inc Sh"
"$569,000",4,3+,,,100 E Raleigh Ave Unit 405,Lower Township,NJ,08260,Daniels Realty-Diamond Beach
"$545,000",3,2,,1,1102 Seaboard Cir,North Wildwood,NJ,08260,Long And Foster Real Estate Inc-Avalon
"$209,900",5,1,,,543 W Maple Ave,West Wildwood,NJ,08260,WEICHERT REALTORS HOEY GROUP/VILLAS
"$179,900",2,1,"1,104",,545 W Maple Ave,West Wildwood,NJ,08260,HOMESTEAD REAL ESTATE COMPANY INC.
"$84,900",1,1,,,225 E Wildwood Ave Unit 219,Wildwood,NJ,08260,Keller Williams
"$445,000",3,2,"1,150",2,408 E Louisville Ave Unit 102,Wildwood Crest,NJ,08260,Max Spann Real Estate
"$439,000",3,2,"1,639",,421 E 23rd Ave Unit 201,North Wildwood,NJ,08260,Weichert Coastal Realtors
"$439,000",3,2,"1,691",,421 E 23rd Ave Unit 103,North Wildwood,NJ,08260,Weichert Coastal Realtors
"$439,000",3,2,"1,580",,421 E 23rd Ave Unit 205,North Wildwood,NJ,08260,Weichert Coastal Realtors
"$439,000",3,2,"1,639",,421 E 23rd Ave Unit 101,North Wildwood,NJ,08260,Weichert Coastal Realtors
"$439,000",3,2,"1,580",,421 E 23rd Ave Unit 105,North Wildwood,NJ,08260,Weichert Coastal Realtors
"$444,000",3,2,"1,691",,421 E 23rd Ave Unit 203,North Wildwood,NJ,08260,Weichert Coastal Realtors
"$139,000",1,1,270,,510 E 8th Ave Unit 206,North Wildwood,NJ,08260,Keller Williams Realty - Jersey Shore
"$499,000",4,3,"4,000",3,1105 Central Ave,North Wildwood,NJ,08260,Keller Williams Realty - Jersey Shore
"$379,000",4,2,,,120 W Rosemary Rd,Wildwood Crest,NJ,08260,CALLOWAY REALTY
"$389,900",3,2+,"2,645",,653 North Ave,West Wildwood,NJ,08260,Keller Williams Realty - Jersey Shore
"$489,900",4,2,,,424 E 20th Ave Unit 202,North Wildwood,NJ,08260,KW Jersey Shore
"$162,000",1,1,529,,1900 Boardwalk Unit 809,North Wildwood,NJ,08260,Re/Max At The Shore
"$315,000",2,2,975,,300 Raleigh Unit 212,Lower Township,NJ,08260,Daniels Realty-Diamond Beach
"$77,500",0,1,,,1800 Atlantic Ave Unit 105,North Wildwood,NJ,08260,LEES REAL ESTATE AGENCY
"$479,000",4,2+,,1,226 W Spruce Ave,North Wildwood,NJ,08260,WEICHERT REALTORS COASTAL
"$500,000",7,3,"2,210",,221 W 16th Ave,North Wildwood,NJ,08260,KELLER WILLIAMS REALTY ATLANTIC SHORE
"$459,900",4,2,,2,206 E Preston Ave,Wildwood Crest,NJ,08260,RE/MAX At The Shore
"$175,000",1,1,605,,8501 Atlantic Ave Unit 524,Wildwood Crest,NJ,08260,"Long & Foster Real Estate, Inc Sh"
"$469,900",4,3,"2,231",,440 E 21st Ave Apt 105,North Wildwood,NJ,08260,CENTURY 21 Alliance
"$210,000",3,2,,,420 W Garfield Ave Unit 201,Wildwood,NJ,08260,KW Jersey Shore
"$349,900",3,1,"1,578",,110 E Palm Rd,Wildwood Crest,NJ,08260,CENTURY 21 Alliance
"$92,500",1,2,,,3110 Atlantic Ave Unit 303,Wildwood,NJ,08260,Weichert Realtors Coastal
"$64,900",,,,,526 W Poplar Ave,West Wildwood,NJ,08260,LEES REAL ESTATE AGENCY
"$64,900",,,,,524 W Poplar Ave,West Wildwood,NJ,08260,LEES REAL ESTATE AGENCY
"$649,000",,,,,312 E 19th Ave,North Wildwood,NJ,08260,RE/MAX at The Shore
"$629,900",4,3,"2,043",,101 W Spruce Ave Unit 412,North Wildwood,NJ,08260,RE/MAX AVALON-STONE HARBOR/AV
"$489,000",4,3+,,,337 E 20th Ave,North Wildwood,NJ,08260,RE/MAX at The Shore
"$259,900",3,2,,,221 E Glenwood Ave Apt A,Wildwood,NJ,08260,ATLANTIS REALTY
"$189,000",1,1,,,1800 Ocean Ave Unit 209,North Wildwood,NJ,08260,"Don Martin Realty, Inc"
"$187,500",5,2,,,111 W Bennett Ave,Wildwood,NJ,08260,Keller Williams Realty - Jersey Shore
"$194,900",2,1,,,442 E 21st Ave Unit 306,North Wildwood,NJ,08260,LEES REAL ESTATE AGENCY
"$359,900",1,2,928,1,9903 Seapointe Blvd Apt 203,Wildwood Crest,NJ,08260,Cabrera Coastal Real Estate
"$185,000",2,1,756,,404-406 E Farragut Rd Unit 4,Wildwood Crest,NJ,08260,Keller Williams Realty - Jersey Shore
"$499,900",4,2,"2,080",,426 E 20th Ave Unit 202,North Wildwood,NJ,08260,RE/MAX At The Shore
"$339,900",3,2,,,401 E Stockton Rd Unit 202,Wildwood Crest,NJ,08260,RE/MAX At The Shore
"$314,900",4,3,,,4307 Susquehanna Ave Unit A,Wildwood,NJ,08260,"Ferguson Dechert   Real Estate, Inc."
"$180,000",2,1,,,6806 Pacific Ave Apt 1,Wildwood Crest,NJ,08260,CENTURY 21 Alliance
"$297,777",4,4,"1,980",,200 E 24th Ave Unit Penthouse,North Wildwood,NJ,08260,"Long & Foster Real Estate, Inc"
"$124,900",1,1,,,115 E Crocus Rd Apt 10,Wildwood Crest,NJ,08260,Weichert Realtors Coastal
"$282,500",4,2,,,4110 Susquehanna Ave Unit 1,Wildwood,NJ,08260,KW Jersey Shore
"$259,900",4,2,,,410 W Magnolia Ave Unit 100,Wildwood,NJ,08260,CALLOWAY REALTY
"$489,000",4,2,,,206 E Raliegh Ave,Wildwood Crest,NJ,08260,RE/MAX BEACH HOME REALTY
"$279,000",3,2,"1,142",,114 E Crocus Rd Unit 5,Wildwood Crest,NJ,08260,Joseph Zarroli
"$449,000",4,3+,,1,331 E 11th Ave Unit 3,Wildwood,NJ,08260,Dwell Real Estate
"$99,900",1,2,494,,3110 Atlantic Ave Unit 207,Wildwood,NJ,08260,Keller Williams Realty
"$299,900",7,4,,,214 E Juniper Ave,Wildwood,NJ,08260,WILDWOODS REALTY
"$189,900",2,1,588,,411 E Toledo Ave Unit 1,Wildwood Crest,NJ,08260,Keller Williams Realty - Jersey Shore
"$75,000",1,1,,,225 E Wildwood Ave Unit 422,Wildwood,NJ,08260,WEICHERT REALTORS COASTAL
"$75,000",1,1,,,225 E Wildwood Ave Unit 415,Wildwood,NJ,08260,WEICHERT REALTORS COASTAL
"$325,000",,,,,705 W Montgomery Ave,Wildwood,NJ,08260,ATLANTIS REALTY
"$499,999",4,3,"1,900",,9800 Pacific Ave Unit 102,Lower Township,NJ,08260,Daniels Realty-Diamond Beach
"$475,000",3,2+,"1,700",,1007 Ocean Ave Apt D,North Wildwood,NJ,08260,RE/MAX Connection Realtors - Haddonfield
"$259,900",4,3,"1,320",,139 E Wildwood Ave Unit C5,Wildwood,NJ,08260,North Wildwood
"$545,000",4,2+,"2,890",2,6505 Seaview Ave,Wildwood Crest,NJ,08260,Re/Max At The Shore
"$159,000",1,1,,,1900 Boardwalk Unit 801,North Wildwood,NJ,08260,"Don Martin Realty, Inc"
"$155,000",2,1,667,,7005 Pacific Ave Unit 3,Wildwood Crest,NJ,08260,Avalon Real Estate
"$549,000",3,2+,,,960 Ash Ave Unit R9,North Wildwood,NJ,08260,RE/MAX OF THE WILDWOODS
"$565,000",5,2+,"3,100",,211 E Rambler Rd,Wildwood Crest,NJ,08260,Keller Williams Realty - Jersey Shore
"$229,999",3,2,"1,968",2,110 E Poplar Ave Unit 103,Wildwood,NJ,08260,RE/MAX CONNECTION - Turnersville
"$499,000",4,1+,,3,124 E 19th Ave,North Wildwood,NJ,08260,CENTURY 21 Alliance
"$157,000",1,1,518,,3010 Ocean Ave Unit 102,Wildwood,NJ,08260,RE/MAX at The Shore
"$229,000",3,2+,,2,4704 Pacific Ave,Wildwood,NJ,08260,RE/MAX THE REAL ESTATE LEADERS
"$299,000",5,3,,,2210 New York Ave,North Wildwood,NJ,08260,Weichert Coastal Realtors
"$219,900",3,2,"1,188",,701 W Maple Ave,West Wildwood,NJ,08260,Coldwell Banker Preferred - Haddonfield Office
"$219,900",3,2,,,100 W Myrtle Rd Rd # A,Wildwood Crest,NJ,08260,Haddonfield
"$20,000",0,,,,5100 Shawcrest Rd Unit C,Lower Township,NJ,08260,"Jersey Beach Realty, Llc"
"$445,000",4,1+,"2,172",2,121 E Palm Rd,Wildwood Crest,NJ,08260,North Wildwood
"$549,900",5,4,"4,000",3,8607 Bayview Dr,Wildwood Crest,NJ,08260,RE/MAX At The Shore
"$295,000",4,3,"2,028",3,123 E Hildreth Ave,Wildwood,NJ,08260,"DESATNICK REAL ESTATE, L.L.C."
"$199,900",1,1,,,600 Kennedy Dr Unit 502,North Wildwood,NJ,08260,WEICHERT REALTORS COASTAL REO
"$559,000",4,3,"2,330",3,7201 Seaview Ave,Wildwood Crest,NJ,08260,CENTURY 21 Alliance
"$275,000",6,3,,,123 W 26th Ave,North Wildwood,NJ,08260,COLDWELL BANKER OTTON / CMCH
"$285,000",2,2,,,300 E Raleigh Ave Apt 116,Lower Township,NJ,08260,Daniels Realty-Diamond Beach
"$139,900",1,1,,,8401 Atlantic Ave Unit 314,Wildwood Crest,NJ,08260,Long & Foster Real Estate
"$579,000",3,2,"1,562",,450 E Nashville Ave Unit 204,Wildwood Crest,NJ,08260,CENTURY 21 Alliance
"$195,000",1,1,402,,500 Kennedy Dr Unit 538,North Wildwood,NJ,08260,"Cape Islands Realty, Llc"
"$329,000",3,2,,,131 W Wisteria Rd Unit Top,Wildwood Crest,NJ,08260,HOFFMAN AGENCY
"$74,900",0,1,,,2301 Atlantic Ave Unit 308,North Wildwood,NJ,08260,KW Jersey Shore
"$74,900",0,1,,,2301 Atlantic Ave Unit 208,North Wildwood,NJ,08260,KW Jersey Shore
"$74,900",0,1,,,2301 Atlantic Ave Unit 108,North Wildwood,NJ,08260,KW Jersey Shore
"$359,900",3,2,"1,619",,429 E 25th Ave Unit 200,North Wildwood,NJ,08260,LEES REAL ESTATE AGENCY
"$575,000",4,3,"1,995",,500 E 14th Ave Unit 3,North Wildwood,NJ,08260,Keller Williams Realty - Jersey Shore
"$239,900",3,2,"1,420",,221 E Pine Ave Unit 100,Wildwood,NJ,08260,ATLANTIS REALTY
"$880,000",3,2,"1,584",,9905 Seapointe Blvd Apt 518,Lower Township,NJ,08260,Seapointe Village Realty LLC
"$362,900",1,1+,"1,065",,9904 Seapointe Blvd Apt 311,Lower Township,NJ,08260,Seapointe Village Realty LLC
"$164,900",3,2+,"1,325",,114 E Leaming Ave Unit 108,Wildwood,NJ,08260,CENTURY 21 Alliance
"$499,000",4,3+,,,201 24th St Unit 24,North Wildwood,NJ,08260,"Long & Foster Real Estate, Inc"
"$419,900",3,2+,"1,584",,317 E 24th Ave Unit K,North Wildwood,NJ,08260,CENTURY 21 Alliance
"$509,000",3,2+,,,400 E Raleigh Ave Apt 407,Lower Township,NJ,08260,CHRIS CLEMANS SOTHEBY'S INTERNATIONAL REALTY
"$429,900",4,3+,,,323 E Wildwood Ave Unit A8,Wildwood,NJ,08260,Weichert Realtors Coastal
"$59,900",2,2,,,542 W Maple Ave,West Wildwood,NJ,08260,WEICHERT REALTORS COASTAL REO
"$499,000",4,3+,,,2312 New York Ave York St Unit New,North Wildwood,NJ,08260,"Long & Foster Real Estate, Inc"
"$55,000",,,,,630 W Glenwood Ave,West Wildwood,NJ,08260,Weichert Realtors Coastal
"$90,000",,,,,140 W Spicer Ave,Wildwood,NJ,08260,FLYNN AGENCY INC
"$119,000",6,3,,,113 W Roberts Ave,Wildwood,NJ,08260,WEICHERT REALTORS COASTAL
"$329,000",3,1,,1,614 W Maple Ave,West Wildwood,NJ,08260,RE/MAX at The Shore
"$54,900",0,1,248,,225 E Wildwood Ave Unit 523,Wildwood,NJ,08260,Keller Williams Jersey Shore
"$835,000",4,3,"2,218",,219 Dune Dr,Lower Township,NJ,08260,Keller Williams Realty - Jersey Shore
"$159,900",1,1,511,,3010 Ocean Ave Unit 303,Wildwood,NJ,08260,CENTURY 21 Alliance
"$174,900",1,1,,,417 E 19th Ave Unit 507,North Wildwood,NJ,08260,LEES REAL ESTATE AGENCY
"$189,000",,,,,731 W Spruce Ave,North Wildwood,NJ,08260,CENTURY 21 Alliance
"$519,900",4,2+,"1,946",1,213 E Memphis Ave,Lower Township,NJ,08260,Cabrera Coastal Real Estate
"$575,000",3,2,,,450 E Nashville Ave Unit 205,Wildwood Crest,NJ,08260,RE/MAX At The Shore
"$122,900",1,1,,,431 E 19th Ave Unit 334,North Wildwood,NJ,08260,LEES REAL ESTATE AGENCY
"$164,900",3,1+,,,112 E 22nd Ave Unit A,North Wildwood,NJ,08260,WEICHERT REALTORS COASTAL REO
"$92,500",1,1,,,431 E 19th Ave Unit 221,North Wildwood,NJ,08260,LEES REAL ESTATE AGENCY
"$129,900",1,1,463,,5301 Atlantic Ave Unit F,Wildwood,NJ,08260,CENTURY 21 Alliance
"$99,900",0,1,,,505 E 4th Ave Unit 414,North Wildwood,NJ,08260,Keller Williams Jersey Shore
"$599,000",3,3,,,6400 Atlantic Ave,Wildwood Crest,NJ,08260,HOFFMAN AGENCY
"$539,900",4,4,,,115 E 12th Ave Unit A,North Wildwood,NJ,08260,"Cape Islands Realty, Llc"
"$465,000",3,2,,,3204 Seaboard Cir,North Wildwood,NJ,08260,WEICHERT REALTORS COASTAL
"$325,000",2,2,,,5103 Shawcrest Rd,Lower Township,NJ,08260,"Don Martin Realty, Inc"
"$303,000",3,2,"1,235",,327 E Wildwood Ave Unit 10,Wildwood,NJ,08260,Equity Mid-Atlantic Real Estate
"$460,500",3,2,"1,487",,400 E Monterey Ave Unit 302,Wildwood Crest,NJ,08260,"Long & Foster Real Estate, Inc Nww"
"$519,000",4,2+,"1,910",,1004 Ocean Ave Unit 4,North Wildwood,NJ,08260,Flynn Real Estate Agency
"$499,000",5,2,,,126 E 3rd Ave,North Wildwood,NJ,08260,Flynn Real Estate Agency
"$303,000",3,2,"1,235",3,327 E Wildwood Ave Unit A10,Wildwood,NJ,08260,EQUITY PENNSYLVANIA Real Estate
"$199,900",3,2,,,415 W Poplar Ave,Wildwood,NJ,08260,RE/MAX of the Wildwoods
"$367,000",5,3,"2,600",1,1 Avenue F,West Wildwood,NJ,08260,AVALON REAL ESTATE/CREST
"$499,000",21,13,,,228-230 E Garfield Ave,Wildwood,NJ,08260,WEICHERT REALTORS COASTAL / WIL
"$699,000",4,3,"2,800",,97 W Myrtle Ave,Wildwood Crest,NJ,08260,Don Martin Realty
"$199,900",3,1,,3,313 W Juniper Ave,Wildwood,NJ,08260,CHRIS HENDERSON REALTY
"$249,900",4,2,"1,666",,115 E Hand Ave Unit 201,Wildwood,NJ,08260,CENTURY 21 Alliance
"$375,000",3,2,,,330 E 18th Ave Apt B,North Wildwood,NJ,08260,CENTURY 21 Alliance
"$299,900",4,2+,,,1603 Atlantic Ave Unit B,North Wildwood,NJ,08260,"Cape Islands Realty, Llc"
"$365,000",4,2,,1,201 W 21st Ave,North Wildwood,NJ,08260,Weichert Realtors Coastal
"$699,000",4,3,,,99 W Myrtle Ave,Wildwood Crest,NJ,08260,Don Martin Realty
"$579,900",5,3+,"2,900",4,221 E Poplar Ave,Wildwood,NJ,08260,Keller Williams Jersey Shore
"$349,900",3,2,,,203 E Raleigh Ave Unit 2ND,Lower Township,NJ,08260,HOFFMAN AGENCY
"$72,900",0,1,350,,505 E 4th Ave Unit 210,North Wildwood,NJ,08260,Lamb Realty
"$80,500",0,1,350,,505 E 4th Ave Unit 311,North Wildwood,NJ,08260,Lamb Realty
"$80,500",0,1,350,yes,505 E 4th Ave Unit 311,Wildwood,NJ,08260,Lamb Realty
"$72,900",0,1,350,yes,505 E 4th Ave Unit 210,Wildwood,NJ,08260,Lamb Realty
"$354,900",3,2+,"1,800",,206 E Rambler Rd Unit C2,Wildwood Crest,NJ,08260,RE/MAX at The Shore
"$199,900",5,3,,,205 W Juniper Ave,Wildwood,NJ,08260,LEES REAL ESTATE AGENCY
"$339,900",4,3,"1,360",,4702 Atlantic Ave Unit 203,Wildwood,NJ,08260,North Wildwood
"$499,000",4,2,"1,607",,212 E North Sta,Lower Township,NJ,08260,Daniels Realty-Diamond Beach
"$465,900",3,2+,"1,800",,504 E 13th Ave Unit C,North Wildwood,NJ,08260,Keller Williams Realty - Jersey Shore
"$529,900",3,2+,"1,700",,231 E South Station Ave Unit 231CORNER,Lower Township,NJ,08260,ATLANTIS REALTY
"$279,500",3,2+,,,2510 New Jersey Ave Ste 201,North Wildwood,NJ,08260,RE/MAX of the Wildwoods
"$308,000",3,1+,,2,1404 New York Ave,North Wildwood,NJ,08260,WILDWOODS REALTY
"$229,777",2,1,,,208 E 25th Ave Unit 204,North Wildwood,NJ,08260,"Long & Foster Real Estate, Inc"
"$119,000",0,1,,,1400 Surf Ave Unit 201,North Wildwood,NJ,08260,RE/MAX of the Wildwoods
"$425,000",4,2+,"2,440",1,110 W Sweetbriar Rd,Wildwood Crest,NJ,08260,"Long & Foster Real Estate, Inc"
"$239,900",2,2,"1,035",,1900 Boardwalk Unit 504,North Wildwood,NJ,08260,RE/MAX At The Shore
"$515,000",3,2,"2,000",,9401 Atlantic Ave Unit 402,Wildwood Crest,NJ,08260,Keller Williams/Atlantic Shore
"$158,500",1,1,363,,208 E Forget Me Not Rd Unit 216,Wildwood Crest,NJ,08260,CALLOWAY REALTY
"$625,000",5,3,"2,940",2,105 W Charleston Ave,Wildwood Crest,NJ,08260,CENTURY 21 Alliance
"$184,900",1,1+,,,2207 Surf Ave Unit 106,North Wildwood,NJ,08260,LEES REAL ESTATE AGENCY
"$119,000",0,1,,,402 E St Paul Ave Unit 202,Wildwood Crest,NJ,08260,HOFFMAN AGENCY
"$229,900",3,1,908,,3314 Hudson Ave,Wildwood,NJ,08260,Re/Max At The Shore
"$374,900",4,2,777,,106 E 5th Ave,North Wildwood,NJ,08260,CENTURY 21 Alliance
"$228,500",2,1,600,,210 E Rambler Rd Unit 101,Wildwood Crest,NJ,08260,Weichert Realtors Coastal
"$509,000",3,2,,,407 E Monterey Ave Unit 101,Wildwood Crest,NJ,08260,ReMax At The Shore
"$295,000",3,2,,,265 Seabreeze Ct Apt D201,North Wildwood,NJ,08260,Soleil Sotheby's International Realty-B
"$162,500",1,1,,,1900 Surf Ave Unit 301,North Wildwood,NJ,08260,Cabrera Coastal Real Estate
"$175,000",2,1,"1,573",2,123 W Hildreth Ave,Wildwood,NJ,08260,"Long & Foster Real Estate, Inc - Blue Bell"
"$210,000",4,2,,,4710 Park Blvd,Wildwood,NJ,08260,LEES REAL ESTATE AGENCY
"$299,900",3,2,"1,311",2,322 E Juniper Ave Unit B,Wildwood,NJ,08260,109 34th Street-Ocean City
"$469,500",2,2,"1,236",,9903 Seapointe Blvd Apt 702,Lower Township,NJ,08260,Seapointe Village Realty LLC
"$275,000",4,2,,,223 W Wildwood Ave,Wildwood,NJ,08260,KW Jersey Shore
"$375,000",5,2,,4,212 E 14th Ave,North Wildwood,NJ,08260,RE/MAX At The Shore
"$249,900",,,,,4715 Pacific Ave,Wildwood,NJ,08260,HOFFMAN AGENCY
"$425,000",4,2,"1,850",2,117 E 6th Ave,North Wildwood,NJ,08260,Keller Williams Realty - Jersey Shore
"$68,500",1,1,,,2301 Atlantic Ave Unit 205,North Wildwood,NJ,08260,KW Jersey Shore
"$650,000",4,3,,1,122 E Hollywood Ave,Wildwood Crest,NJ,08260,WEICHERT REALTORS COASTAL
"$275,000",4,2,"1,800",2,1609 Delaware Ave,North Wildwood,NJ,08260,Keller Williams/Atlantic Shore
"$199,000",6,4,,,4708 Susquehanna Ave,Wildwood,NJ,08260,Keller Williams Realty - Jersey Shore
"$359,000",3,2,,,411 E Morning Glory Rd Unit 4003,Wildwood Crest,NJ,08260,REMAX at the Shore Avalon-Stone Harbor
"$279,500",3,2,,,520 W Spruce Ave Unit 106,North Wildwood,NJ,08260,KW Jersey Shore
"$895,000",3,4,"2,235",,9900 Seapointe Blvd Unit 8,Lower Township,NJ,08260,Daniels Realty-Diamond Beach
"$139,900",0,1,365,,500 Kennedy Dr Unit 308,North Wildwood,NJ,08260,RE/MAX At The Shore
"$454,900",3,2,"1,930",,415 E 23rd Ave Unit 202,North Wildwood,NJ,08260,RE/MAX at The Shore
"$349,900",5,2,,,209 E 26th Ave,North Wildwood,NJ,08260,Keller Williams Jersey Shore
"$277,500",3,2,"1,100",,109 Seaview Ct Unit 200,North Wildwood,NJ,08260,Keller Williams Realty - Jersey Shore
"$144,500",3,2,"1,344",,9 J Ave,West Wildwood,NJ,08260,WEICHERT REALTORS COASTAL
"$224,777",3,2,,,226 E 26th Ave Unit 201N,Wildwood,NJ,08260,"Long & Foster Real Estate, Inc"
"$349,900",3,2,"1,316",,132 E Sweetbriar Rd,Wildwood Crest,NJ,08260,CENTURY 21 Alliance
"$350,000",4,2,"1,800",,2610 Lake Ave,Wildwood,NJ,08260,Keller Williams Realty - Jersey Shore
"$249,900",2,2,,,638 W Pine Ave Apt 101,North Wildwood,NJ,08260,WEICHERT REALTORS COASTAL
"$149,900",1,1,,,417 E 19th Ave Unit 308,North Wildwood,NJ,08260,WEICHERT REALTORS COASTAL REO
"$399,999",4,3,,3,142 W Hildreth Ave,Wildwood,NJ,08260,CALLOWAY REALTY
"$498,500",4,3,"2,362",,415 E 23rd Ave Unit 100,North Wildwood,NJ,08260,Realmart Realty - Flat Fee to 1% Agent Assist Service
"$140,000",,,,,4702 4704 Susquehanna Ave,Wildwood,NJ,08260,CHRIS HENDERSON REALTY
"$549,000",5,3+,,,1010 New York Ave,North Wildwood,NJ,08260,CENTURY 21 Alliance
"$204,900",4,2,,,209 E Roberts Ave Unit A,Wildwood,NJ,08260,WEICHERT REALTORS COASTAL REO
"$359,900",3,2+,,,776 Allen Dr,North Wildwood,NJ,08260,"Cape Islands Realty, Llc"
"$244,900",3,2,,,4901 Susquehanna Ave Unit 107,Wildwood,NJ,08260,CENTURY 21 Alliance
"$349,000",6,3+,,,130 E Leaming Ave,Wildwood,NJ,08260,LEES REAL ESTATE AGENCY
"$474,500",3,2+,"1,600",,407 E Palm Rd Unit 207,Wildwood Crest,NJ,08260,REMAX at the Shore Avalon-Stone Harbor
"$259,900",2,2,"1,200",,213 E Hand Ave Unit 5,Wildwood,NJ,08260,ATLANTIS REALTY
"$895,000",5,3+,,,506 E 19th Ave Unit 300,North Wildwood,NJ,08260,"Cape Islands Realty, Llc"
"$1,950,000",,,,,323 E Oak Ave,Wildwood City,NJ,08260,Washington-Gloucester Home Marketing Center
"$319,000",5,4+,,,217 E Hildreth Ave,Wildwood,NJ,08260,"Don Martin Realty, Inc"
"$679,900",4,3+,,,400 E Miami Ave Unit 301,Wildwood Crest,NJ,08260,"Long & Foster Real Estate, Inc Sh"
"$519,900",3,2,"1,921",,9401 Atlantic A Atllantic Ave Unit 601,Wildwood Crest,NJ,08260,CENTURY 21 Alliance
"$489,000",4,2+,,,130 W Sweetbriar Rd,Wildwood Crest,NJ,08260,CALLOWAY REALTY
"$59,900",0,1,,,2301 Atlantic Ave Unit 210,North Wildwood,NJ,08260,WEICHERT REALTORS COASTAL REO
"$499,900",6,2+,,,208 W Pittsburgh Ave,Wildwood Crest,NJ,08260,HOFFMAN AGENCY
"$175,000",1,1,365,,8304 Pacific Ave Unit 108,Wildwood Crest,NJ,08260,Coldwell Banker Sol Needles Real Estate
"$325,000",5,2,,2,334 W 18th Ave,North Wildwood,NJ,08260,LEES REAL ESTATE AGENCY
"$289,000",4,3+,,,166 W Oak Ave,Wildwood,NJ,08260,Weichert Realtors Coastal
"$197,500",3,2,"1,562",,422 W Garfield Ave Unit 202,Wildwood,NJ,08260,RE/MAX at The Shore
"$599,000",3,2+,"1,830",,7701 Atlantic Ave Unit 105,Wildwood Crest,NJ,08260,RE/MAX At The Shore
"$849,900",4,3+,"2,733",,424 W Pine Ave,North Wildwood,NJ,08260,CENTURY 21 Alliance
"$849,900",4,3+,"2,733",,426 W Pine Ave,North Wildwood,NJ,08260,CENTURY 21 Alliance
"$224,900",2,1,,,608 Ocean Ave Unit 201,North Wildwood,NJ,08260,FLYNN AGENCY INC
"$224,900",7,4,,,211 213 Wildwood,Wildwood,NJ,08260,WEICHERT REALTORS COASTAL REO
"$124,900",1,1,,,442 E 21st Ave Unit 201,North Wildwood,NJ,08260,Blue Ocean Realty
"$179,900",3,2,,,4311 Mediterranean Ave Unit B,Wildwood,NJ,08260,RE/MAX At The Shore
"$2,450,000",3,2+,"4,000",3,1610 Boardwalk,North Wildwood,NJ,08260,Flynn Real Estate Agency
"$339,000",,,,,326 E 11th Ave,North Wildwood,NJ,08260,"Don Martin Realty, Inc."
"$274,900",3,2+,,,233 E Baker Ave Unit A,Wildwood,NJ,08260,RE/MAX at the Shore
"$189,900",1,1,402,,500 Kennedy Dr Unit 439,North Wildwood,NJ,08260,Keller Williams Realty
"$56,900",0,1,,,507 E 9th Ave Unit 8,North Wildwood,NJ,08260,WEICHERT REALTORS COASTAL REO
"$439,000",4,2,"2,286",3,215 W Lavender Rd,Wildwood Crest,NJ,08260,Flynn Real Estate Agency
"$579,000",4,3+,"3,000",,520 W Anglesea Dr Apt 2,North Wildwood,NJ,08260,"Don Martin Realty, Inc"
"$119,900",2,1,,,320 E Baker Ave Apt 11,Wildwood,NJ,08260,RE/MAX at The Shore
"$235,000",3,2,"1,145",,4701 Park Blvd Apt B,Wildwood,NJ,08260,Keller Williams Realty-Washington Twp
"$210,000",3,2,"1,145",,4701 Park Blvd Apt A,Wildwood,NJ,08260,Keller Williams Realty - Washington Town
"$199,900",3,1,,1.5,317 W Wildwood Ave,Wildwood,NJ,08260,RE/MAX at the Shore
"$179,900",2,2,,,404 W Bennett Ave Apt A,Wildwood,NJ,08260,LEES REAL ESTATE AGENCY
"$150,000",,,,,110 W Garfield Ave,Wildwood,NJ,08260,"Long & Foster Real Estate, Inc Sh"
"$299,900",2,1,900,,221 R Ave,West Wildwood,NJ,08260,BHHS FOX AND ROACH
"$239,900",3,2,"1,356",,201 E Pine Ave Unit B,Wildwood,NJ,08260,Keller Williams Realty - Jersey Shore
"$209,000",1,1,,,1100 Kennedy Unit 2nd Dr Fl 206,North Wildwood,NJ,08260,WEICHERT REALTORS ASBURY
"$719,900",4,2+,"2,448",,214 E Nashville Ave,Wildwood Crest,NJ,08260,Keller Williams Realty - Jersey Shore
"$439,900",3,2,,,514 E 16th Ave Unit 4,North Wildwood,NJ,08260,RE/MAX at the Shore
"$154,900",1,1,429,,711 Ocean Ave Unit 102,North Wildwood,NJ,08260,RE/MAX BEACH HOME REALTY
"$287,900",3,2+,,,810 Ohio Ave Apt 6,North Wildwood,NJ,08260,RE/MAX at The Shore
"$586,500",4,3+,,,415 E 24th Ave,North Wildwood,NJ,08260,Weichert Coastal Realtors
"$179,900",1,1,,,500 Kennedy Blvd Unit 336,North Wildwood,NJ,08260,"Cape Islands Realty, Llc"
"$219,900",3,1,985,,124 E 6th Ave Apt 1,North Wildwood,NJ,08260,Casa Bella Realtors
"$299,900",4,2,"1,476",,217 E Garfield Ave Unit B,Wildwood,NJ,08260,Long And Foster Real Estate Inc-Ocean City 10Th St
"$174,900",2,1,832,,600 North Ave Unit 213,West Wildwood,NJ,08260,"Cape Islands Realty, Llc"
"$74,900",2,1,864,2,131 W Roberts Ave,Wildwood,NJ,08260,Weichert Realtors Coastal
"$99,900",3,2,,2,9 Ave # L,West Wildwood,NJ,08260,KW Jersey Shore
"$425,000",4,3+,"2,300",3,3910 Susquehanna Ave,Wildwood,NJ,08260,"Long & Foster Real Estate, Inc"
"$425,000",4,3+,"2,400",3,3908 Susquehanna Ave,Wildwood,NJ,08260,"Long & Foster Real Estate, Inc"
"$254,900",3,2+,,3,509 S Ave,West Wildwood,NJ,08260,WEICHERT REALTORS COASTAL REO
"$239,000",6,2+,"1,200",,222 E Davis Ave,Wildwood,NJ,08260,RE/MAX Connection - Turnersville
"$299,900",4,3,,,106 E Denver Ave,Wildwood Crest,NJ,08260,CENTURY 21 Alliance
"$509,900",4,2+,,,1006 Ocean Ave Unit 3,North Wildwood,NJ,08260,Re/Max At The Shore
"$359,900",3,2,,,213 E Syracuse Ave,Wildwood Crest,NJ,08260,RE/MAX At The Shore
"$549,900",4,3+,"2,350",,215 Anglesea Dr Unit 1,North Wildwood,NJ,08260,CENTURY 21 Alliance
"$349,900",3,2,,,415 E Orchid Rd Unit 101,Wildwood Crest,NJ,08260,RE/MAX At The Shore
"$129,000",2,1,"1,056",1,5 C Ave,West Wildwood,NJ,08260,RE/MAX at The Shore
"$214,000",,,,,647 W Spruce Ave,North Wildwood,NJ,08260,The Oceanside Realty Team
"$290,000",,,,,645 W Spruce Ave,North Wildwood,NJ,08260,The Oceanside Realty Team
"$189,900",2,1,,,6611 Pacific Ave Unit 2,Wildwood Crest,NJ,08260,"Long & Foster Real Estate, Inc"
"$649,900",4,3,,,750 W Oak Ave,North Wildwood,NJ,08260,Keller Williams Real Estate-Newark
"$229,000",6,4,,,155 E Garfield Ave,Wildwood,NJ,08260,Weichert Realtors Coastal
"$159,900",2,1,,2,214 W Juniper Ave,Wildwood,NJ,08260,LEES REAL ESTATE AGENCY
"$86,900",1,1,473,,3201 Atlantic Ave Unit 310,Wildwood,NJ,08260,Keller Williams Realty-Washington Twp
"$389,000",4,3+,,,212 E 26th Ave Unit 101,Wildwood,NJ,08260,RE/MAX at the Shore
"$475,000",,,,,4000 Susquehanna Ave,Wildwood,NJ,08260,RE/MAX at The Shore
"$344,900",3,2+,,,119 E Raleigh Ave,Lower Township,NJ,08260,RE/MAX at The Shore
"$375,000",6,2,"1,721",,5600 Atlantic Ave Unit 6,Wildwood Crest,NJ,08260,Rio Realty
"$343,000",3,2,"1,400",,401 Farragut Rd Unit 201,Wildwood Crest,NJ,08260,ATLANTIS REALTY
"$259,999",3,2,"1,200",,4310 Arctic Ave,Wildwood,NJ,08260,ATLANTIS REALTY
"$172,000",2,2,,,418 W Bennett Ave Apt C,Wildwood,NJ,08260,"DESATNICK REAL ESTATE, L.L.C."
"$198,000",,,,,141-143 W Youngs Ave,Wildwood,NJ,08260,BLUE OCEAN REALTY
"$439,900",5,3,"2,400",,310 E Maple Ave Unit A,Wildwood,NJ,08260,"Long & Foster Real Estate, Inc"
"$500,000",9,6,,,317 E Maple Ave,Wildwood,NJ,08260,CHRIS CLEMANS SOTHEBY'S INTERNATIONAL REALTY
"$277,900",3,2+,"1,580",,5303 Arctic Ave Unit B,Wildwood,NJ,08260,CENTURY 21 Alliance
"$138,900",3,2,"1,358",,220 E 21st Ave Unit B,North Wildwood,NJ,08260,Weichert Realtors Coastal
"$149,900",1,1,,,300 E Syracuse Ave Unit 202,Wildwood Crest,NJ,08260,WEICHERT REALTORS COASTAL
"$266,900",3,2,"1,346",,317 E 26th Ave # B,Wildwood,NJ,08260,"Realhome Services And Solutions,Inc"
"$245,000",3,2,"1,322",,229 E Lincoln Ave Apt C,Wildwood,NJ,08260,Keller Williams Realty - Jersey Shore
"$629,999",5,4,"2,660",,465 E 24th Ave,North Wildwood,NJ,08260,"Cape Islands Realty, Llc"
"$629,999",5,4,"2,660",,463 E 24th Ave,North Wildwood,NJ,08260,"Cape Islands Realty, Llc"
"$629,999",5,4,"2,660",,461 E 24th Ave,North Wildwood,NJ,08260,"Cape Islands Realty, Llc"
"$157,900",1,1,,,1605 Ocean Ave Unit 102,North Wildwood,NJ,08260,"Long & Foster Real Estate, Inc Nww"
"$244,900",3,1,944,,206 E Louisville Ave Unit 4,Wildwood Crest,NJ,08260,"Cape Islands Realty, Llc"
"$379,900",2,2+,"1,336",,410 E Lavender Rd Unit 302,Wildwood Crest,NJ,08260,CENTURY 21 Alliance
"$379,900",2,2+,"1,336",,410 E Lavender Rd Unit 102,Wildwood Crest,NJ,08260,CENTURY 21 Alliance
"$575,000",4,3+,,,124 E Lavender Rd E Unit,Wildwood Crest,NJ,08260,REMAX at the Shore Avalon-Stone Harbor
"$149,900",2,2,,4,507 W Montgomery Ave,Wildwood,NJ,08260,"Jersey Beach Realty, Llc"
"$199,900",1,1,440,,202 E Wisteria Rd,Wildwood Crest,NJ,08260,WEICHERT REALTORS HOEY GROUP / AVAL
"$289,000",3,2,,,215 E Rio Grande Ave Unit A,Wildwood,NJ,08260,REMAX at the Shore Avalon-Stone Harbor
"$319,971",3,1,"1,200",,68 NW Boardwalk,North Wildwood,NJ,08260,Charles Dahmer
"$645,500",4,3,,,1402 Seaboard Cir,North Wildwood,NJ,08260,"Long & Foster Real Estate, Inc"
"$550,000",3,2,,,132 W Pine Ave Unit B,North Wildwood,NJ,08260,A.C. CHAMBERS REAL ESTATE
"$74,500",1,1,,,225 E Wildwood Ave Unit 207,Wildwood,NJ,08260,LEES REAL ESTATE AGENCY
"$275,000",,,,,733 W Poplar Ave,West Wildwood,NJ,08260,KW Jersey Shore
"$160,000",1,1,,,1900 Surf Ave Unit 302,North Wildwood,NJ,08260,Cabrera Coastal Real Estate
"$119,900",2,2,,,132 W Roberts Ave Unit 2A,Wildwood,NJ,08260,ATLANTIS REALTY
"$298,700",,,,,9401 Bayview Dr,Wildwood Crest,NJ,08260,"Ryno Marketing Group, Inc"
"$629,900",5,4,"2,660",,451 E 24th Ave,North Wildwood,NJ,08260,"Cape Islands Realty, Llc"
"$629,900",5,4,"2,660",,455 E 24th Ave,North Wildwood,NJ,08260,"Cape Islands Realty, Llc"
"$629,900",5,4,"2,660",,451 E 24th Ave,North Wildwood,NJ,08260,"Cape Islands Realty, Llc"
"$334,900",4,3+,,,520 W Anglesea Dr Apt 6,North Wildwood,NJ,08260,WEICHERT REALTORS COASTAL REO
"$159,900",1,1,525,,1900 Surf Ave Unit 304,North Wildwood,NJ,08260,WILDWOODS REALTY
"$68,900",1,1,312,,505 E 4th Ave Unit 313,North Wildwood,NJ,08260,"Realhome Services And Solutions,Inc"
"$114,900",1,2,,,3110 Atlantic Ave Unit 202,Wildwood,NJ,08260,"CAPE MAY REALTY, LLC"
"$139,900",1,1,770,,132 E Schellenger Ave Unit 1,Wildwood,NJ,08260,Re/Max At The Shore
"$424,900",3,1+,,4,531 W Pine Ave,North Wildwood,NJ,08260,RE/MAX at The Shore
"$369,000",8,5,,,309 E Juniper Ave,Wildwood,NJ,08260,"Don Martin Realty, Inc."
"$229,900",1,1+,,,1200 Kennedy Blvd Unit 214,North Wildwood,NJ,08260,RE/MAX at The Shore
"$435,000",3,2,,,3103 Seaboard Cir,North Wildwood,NJ,08260,WEICHERT REALTORS COASTAL
"$329,900",5,2,"2,488",4,431 W Taylor Ave,Wildwood,NJ,08260,ATLANTIS REALTY
"$299,900",3,2+,,,223 E Andrews Ave Unit B,Wildwood,NJ,08260,Rio Realty
"$274,900",4,2,,,412 W Hand Ave Unit 200,Wildwood,NJ,08260,KW Jersey Shore
"$97,500",1,2,494,,3110 Atlantic Ave Unit 201,Wildwood,NJ,08260,"Long & Foster Real Estate, Inc Nww"
"$649,900",4,4,"2,784",,411 E Morning Glory Rd # 6001,Wildwood Crest,NJ,08260,HOFFMAN AGENCY
"$424,500",3,2,,,412 E Columbine Rd,Wildwood Crest,NJ,08260,"DESATNICK REAL ESTATE, L.L.C."
"$169,900",1,1,,,100 W Marina Ct Apt 7,North Wildwood,NJ,08260,Re/Max At The Shore
"$109,900",2,1,,,119 E Magnolia Ave Apt 1,Wildwood,NJ,08260,WEICHERT REALTORS COASTAL REO
"$185,000",3,2,"1,214",,401 W Bennett Ave Apt A,Wildwood,NJ,08260,RE/MAX AVALON-STONE HARBOR/AV
"$374,900",3,2,,1.5,219 W 10th Ave,North Wildwood,NJ,08260,Keller Williams Jersey Shore
"$329,900",3,2+,"1,241",,124 E South Station Ave,Lower Township,NJ,08260,ATLANTIS REALTY
"$349,000",3,2,,,6200 Pacific Ave Unit 201,Wildwood Crest,NJ,08260,WEICHERT REALTORS COASTAL
"$250,000",3,2,"1,673",,521 W Montgomery Ave Unit B,Wildwood,NJ,08260,BHHS Fox and Roach
"$374,900",3,2,,,401 E 23rd Ave Unit A,North Wildwood,NJ,08260,LEES REAL ESTATE AGENCY
"$399,000",3,2,,,505 E 13th Ave Unit Unird,North Wildwood,NJ,08260,Art Duffield Realty
"$269,900",3,2+,"1,343",,116 E Hand Ave Unit B,Wildwood,NJ,08260,BLUE OCEAN REALTY
"$309,000",5,3,,,140 W Morning Glory Rd,Wildwood Crest,NJ,08260,Re/Max At The Shore
"$164,900",1,1,,,510 E 14th Ave Unit 308,North Wildwood,NJ,08260,LEES REAL ESTATE AGENCY
"$129,900",1,1,,,312 E Hand Ave Unit 16,Wildwood,NJ,08260,BHHS Fox and Roach
"$200,000",2,1,615,,417 E 20 St Unit 1,North Wildwood,NJ,08260,"Coastline Realty,LLC"
"$499,900",8,4+,,,210 E 23rd Ave,North Wildwood,NJ,08260,LEES REAL ESTATE AGENCY
"$239,000",3,2,,2,422 W Pine Ave,Wildwood,NJ,08260,CALLOWAY REALTY
"$379,900",3,2,"1,196",,9200 New Jersey Ave,Wildwood Crest,NJ,08260,CENTURY 21 Alliance
"$144,900",3,1,,,125 E Roberts Rear Ave Unit 2ND,Wildwood,NJ,08260,Keller Williams Jersey Shore
"$179,900",2,1,,,417 E 25th Ave Apt 1,North Wildwood,NJ,08260,Don Martin Realty
"$269,900",5,2+,,,108 E 25th Ave,North Wildwood,NJ,08260,Farley And Ferry Realty
"$665,000",4,3+,"3,500",,223 E Morning Glory Rd Unit Top,Wildwood Crest,NJ,08260,Keller Williams Realty - Jersey Shore
"$259,000",3,2,,,106 W Andrews Ave Unit E,Wildwood,NJ,08260,Cabrera Coastal Real Estate
"$174,900",1,1,,,207 E Taylor Ave Unit A,Wildwood,NJ,08260,LEES REAL ESTATE AGENCY
"$69,900",1,1,,,2301 Atlantic Ave Unit 303,North Wildwood,NJ,08260,ATLANTIS REALTY
"$469,000",3,2+,"1,523",,410 E Orchid Rd Unit 101,Wildwood Crest,NJ,08260,"Long & Foster Real Estate, Inc Nww"
"$179,900",3,1,,2,411 W Burk Ave,Wildwood,NJ,08260,Weichert Coastal Realtors
"$210,000",1,1,405,,427 E Monterey Ave Unit 2,Wildwood Crest,NJ,08260,LONG & FOSTER - Devon
"$325,000",3,2,900,,205 E 17th Ave Unit 2,North Wildwood,NJ,08260,FOX REAL ESTATE
"$299,000",4,3+,,,178 W Oak Ave,Wildwood,NJ,08260,Cabrera Coastal Real Estate
"$269,900",2,1+,,,227 E Hand Ave,Wildwood,NJ,08260,Cabrera Coastal Real Estate
"$169,900",2,1,,,213 E Miami Ave Ste D,Wildwood Crest,NJ,08260,Rio Realty
"$259,900",4,2,"1,372",,435 W Lincoln Ave Unit 200,Wildwood,NJ,08260,RE/MAX AVALON-STONE HARBOR/AV
"$179,900",3,1,,,218 New York Ave,North Wildwood,NJ,08260,WEICHERT REALTORS COASTAL REO
"$310,000",5,3,,,316 E Juniper Ave Unit 102,Wildwood,NJ,08260,Keller Williams Realty - Jersey Shore
"$599,000",3,2+,"1,830",,7701 Atlantic Ave Unit 108,Wildwood Crest,NJ,08260,CHRIS HENDERSON REALTY
"$268,900",3,2,912,,400 W 19th Ave Unit A,North Wildwood,NJ,08260,RE/MAX AVALON-STONE HARBOR/AV
"$280,000",1,1,726,,9907 Seapointe Blvd Apt 203,Lower Township,NJ,08260,Seapointe Village Realty LLC
"$699,900",4,3,"2,057",2,200 Dune Dr,Lower Township,NJ,08260,Seapointe Village Realty LLC
"$339,000",3,2,,,307 E Montgomery Ave Unit G,Wildwood,NJ,08260,CHRIS HENDERSON REALTY
"$67,000",1,1,,,225 E Wildwood Ave Unit 119,Wildwood,NJ,08260,LEES REAL ESTATE AGENCY
"$219,400",3,2+,"1,544",,152 E Roberts Ave Unit 108,Wildwood,NJ,08260,WEICHERT REALTORS COASTAL REO
"$349,000",4,1,,,415 E 22 St Unit 100,North Wildwood,NJ,08260,CHRIS HENDERSON REALTY
"$329,500",11,2+,,,203 W 23rd Ave,North Wildwood,NJ,08260,CENTURY 21 Alliance
"$249,900",3,2,"1,437",4,5406 Park Blvd,Wildwood Crest,NJ,08260,Keller Williams Realty-Washington Twp
"$60,000",,,,,653 W Maple Ave,West Wildwood,NJ,08260,WEICHERT REALTORS COASTAL
"$699,000",3,2+,,2,211 E 5th Ave,North Wildwood,NJ,08260,"Long & Foster Real Estate, Inc Cm"
"$467,500",3,2+,"1,500",,408 E Myrtle Ave Unit 205,Wildwood Crest,NJ,08260,ATLANTIS REALTY
"$539,900",4,4,,,202 E 5th Ave,North Wildwood,NJ,08260,"Cape Islands Realty, Llc"
"$595,000",3,2,"1,960",,1305 Seaboard Cir,North Wildwood,NJ,08260,"Long & Foster Real Estate, Inc Sh"
"$569,000",4,3,,3,110 E Walnut Ave Unit 101,North Wildwood,NJ,08260,Center City-Society Hill
"$294,900",3,2,,,600 North Ave Unit 323,West Wildwood,NJ,08260,Rio Realty
"$219,000",2,1,644,,5716 Seaview Ave Unit 6,Wildwood Crest,NJ,08260,"Don Martin Realty, Inc"
"$414,900",4,2,"1,658",,2506 Surf Ave Unit 200,North Wildwood,NJ,08260,ISLAND REALTY GROUP
"$224,900",3,2+,"1,600",,152 E Roberts Ave Unit 112,Wildwood,NJ,08260,"Don Martin Realty, Inc"
"$685,000",3,2+,"1,780",,407 E Monterey Ave Unit 501,Wildwood Crest,NJ,08260,Keller Williams Realty - Jersey Shore
"$245,000",1,1,,,7100 Ocean Ave Apt 202,Wildwood Crest,NJ,08260,RE/MAX at the Shore
"$405,000",3,2,,,411 E 4th Ave Apt C,North Wildwood,NJ,08260,"Long & Foster Real Estate, Inc"
"$94,500",1,1,320,,431 E 19th Ave Unit 343,North Wildwood,NJ,08260,Keller Williams Realty - Jersey Shore
"$59,900",1,1,,,225 E Wildwood Ave Unit 103,Wildwood,NJ,08260,WEICHERT REALTORS COASTAL REO
"$269,900",3,2,"1,300",yes,530 W Pine Ave,West Wildwood,NJ,08260,Keller Williams Realty - Washington Town
"$104,900",2,2+,"1,152",,416 W Garfield Ave,Wildwood,NJ,08260,Re/Max At The Shore
"$389,900",3,1,,,218 E Syracuse Ave,Wildwood Crest,NJ,08260,WEICHERT REALTORS COASTAL
"$449,900",3,2,"1,576",,7601 Atlantic Ave Unit 203,Wildwood Crest,NJ,08260,Cabrera Coastal Real Estate
"$649,900",5,2+,,,104 W Syracuse Ave,Wildwood Crest,NJ,08260,HOFFMAN AGENCY
"$137,500",2,1,605,,301 E Lavender Rd Apt E,Wildwood Crest,NJ,08260,Cabrera Coastal Real Estate
"$154,208",1,1,357,,427 E Miami Ave Unit 208,Wildwood Crest,NJ,08260,Preferred Properties Real Estate
"$239,500",2,1,796,,303B E Crocus Rd Unit B,Wildwood Crest,NJ,08260,"Everyhome Realty, Inc"
"$359,999",6,3,,,220 W 17th Ave,North Wildwood,NJ,08260,RE/MAX at The Shore
"$199,900",3,3,"1,150",,1900 Surf Ave Unit 102,North Wildwood,NJ,08260,WEICHERT REALTORS COASTAL
"$529,900",4,2+,,1,221 E Charleston Ave,Wildwood Crest,NJ,08260,CENTURY 21 Alliance
"$499,900",8,4,,,115 E Morning Glory Rd,Wildwood Crest,NJ,08260,HOFFMAN AGENCY
"$129,900",1,1,320,,422 E 4th Ave Unit 107,North Wildwood,NJ,08260,FLYNN AGENCY INC
"$445,000",2,2,"1,640",,9401 Atlantic Ave Unit 202,Wildwood Crest,NJ,08260,Keller Williams Realty - Jersey Shore
"$195,000",2,2,625,,1000 Kennedy Dr Unit 410,North Wildwood,NJ,08260,Keller Williams Realty - Jersey Shore
"$449,900",4,3+,,,122 W 20th St,North Wildwood,NJ,08260,ATLANTIS REALTY
"$449,900",4,3+,,,124 W 20th St,North Wildwood,NJ,08260,ATLANTIS REALTY
"$239,000",3,2,,,91 Illinois Ave Unit 2ND,North Wildwood,NJ,08260,"Cape Islands Realty, Llc"
"$349,000",,,,,7407 Seaview Ave,Wildwood Crest,NJ,08260,KW Jersey Shore
"$1,100,000",6,3+,,,314 E Jefferson Ave,Wildwood Crest,NJ,08260,Douglas Elliman - Hoboken
"$499,000",4,2,"1,695",,205 E Madison Ave,Lower Township,NJ,08260,"Long & Foster Real Estate, Inc Nww"
"$297,900",3,2+,995,,810 Ohio Ave Apt 4,North Wildwood,NJ,08260,Keller Williams Realty - Jersey Shore
"$389,000",4,3,,2,428 W Burk Ave,Wildwood,NJ,08260,REMAX at the Shore Avalon-Stone Harbor
"$219,900",1,1,,,1200 John F Kennedy Blvd Unit 221,North Wildwood,NJ,08260,Media Home Marketing Center
"$457,900",3,2,,2,205 E Cardinal Rd,Wildwood Crest,NJ,08260,Long & Foster Real Estate
"$340,000",5,2,"1,352",1,115 E Walnut Ave,North Wildwood,NJ,08260,BHHS Fox and Roach
"$639,900",3,3+,"1,856",,622 Turtle Gut Cir,Lower Township,NJ,08260,Seapointe Village Realty LLC
"$265,000",6,4,,,415 E Magnolia Ave,Wildwood,NJ,08260,"CAPE MAY REALTY, LLC"
"$220,000",8,4,,,216 E Taylor Ave,Wildwood,NJ,08260,"Weichert, Realtors - Washington Township"
"$169,900",2,1,,,110 W 3rd Ave Unit Rear,North Wildwood,NJ,08260,Weichert Coastal Realtors
"$299,000",4,2,,,123 Seaview Ct,North Wildwood,NJ,08260,Don Martin Realty
"$329,900",2,2,,,235 E 2nd Ave Unit 1F,North Wildwood,NJ,08260,"Cape Islands Realty, Llc"
"$399,900",3,2+,,,245 E Topeka Ave,Wildwood Crest,NJ,08260,Blue Ocean Realty
"$359,000",3,2,,2,328 E 25th Ave Apt D,North Wildwood,NJ,08260,"Long & Foster Real Estate, Inc"
"$134,000",2,1,690,,327 W Maple Ave # B,Wildwood,NJ,08260,"Don Martin Realty, Inc"
"$549,900",4,4,,,406 E Miami Ave,Wildwood Crest,NJ,08260,HOFFMAN AGENCY
"$135,000",1,1+,,,310 E 17th Ave Unit 7,North Wildwood,NJ,08260,"Don Martin Realty, Inc."
"$849,000",5,4,"3,200",,5712 Pacific Ave,Wildwood Crest,NJ,08260,HOFFMAN AGENCY
"$769,000",5,3+,"2,400",3,5710 Pacific Ave,Wildwood Crest,NJ,08260,HOFFMAN AGENCY
"$415,000",2,2,"1,400",4,416 E 16th Ave,North Wildwood,NJ,08260,Keller Williams Realty - Jersey Shore
"$166,900",1,1,,,510 E 14th Ave Unit 306,North Wildwood,NJ,08260,Weichert Realtors Coastal
"$299,999",6,2,,3,126 E Hand Ave,Wildwood,NJ,08260,RE/MAX at The Shore
"$591,000",5,4,,3,718 W Poplar Ave,West Wildwood,NJ,08260,KW Jersey Shore
"$249,900",5,3,,,320 W Wildwood Ave,Wildwood,NJ,08260,"Cape Islands Realty, Llc"
"$110,000",1,1,,,207 E Cresse Ave Unit 7,Wildwood,NJ,08260,Keller Williams Realty - Jersey Shore
"$349,000",3,2,,4,2310 New York Ave,North Wildwood,NJ,08260,"Long & Foster Real Estate, Inc"
"$225,000",3,2+,"1,588",2,3307 Park Blvd,Wildwood City,NJ,08260,Better Homes Realty Group
"$225,000",3,2+,"1,588",,3307 Park Blvd Unit End,Wildwood,NJ,08260,Better Homes Realty Group
"$339,500",2,2+,,,437 W 16 St Unit 3,North Wildwood,NJ,08260,"Long & Foster Real Estate, Inc"
"$284,500",3,2,,,3102 Ocean Ave Unit F,Wildwood,NJ,08260,LEES REAL ESTATE AGENCY
"$65,000",0,1,208,,8304 Pacific Ave Unit 13,Wildwood Crest,NJ,08260,CALLOWAY REALTY
"$149,900",1,1,,,506 E 12th Ave Unit C7,North Wildwood,NJ,08260,BLUE OCEAN REALTY
"$139,000",,,,,1212 Bayshore Rd,Lower Township,NJ,08260,"Long & Foster Real Estate, Inc Nww"
"$270,000",4,3,,,4300 Susquehanna Ave Unit B,Wildwood,NJ,08260,BHHS Fox and Roach
"$469,900",3,2,,,507 E 7th Ave Unit 2,North Wildwood,NJ,08260,RE/MAX At The Shore
"$349,900",3,2,,,412 E 16th Ave Unit A,North Wildwood,NJ,08260,KELLER WILLIAMS REALTY ATLANTIC SHORE
"$459,000",5,3+,,,210 E Davis Ave,Wildwood,NJ,08260,Blue Ocean Realty
"$159,000",1,1,,,1400 Surf Ave Unit 307,North Wildwood,NJ,08260,RE/MAX at The Shore
"$139,900",2,1,,,5605 Seaview Ave Unit H,Wildwood Crest,NJ,08260,CENTURY 21 Alliance
"$94,900",1,1,,,1309 Surf Ave Unit 6,North Wildwood,NJ,08260,WEICHERT REALTORS COASTAL REO
"$257,000",1,1,692,yes,9904 Seapointe Blvd Apt 409,Wildwood Crest,NJ,08260,Keller Williams Realty - Washington Town
"$379,000",3,1,,,526 W Magnolia Ave,West Wildwood,NJ,08260,Weichert Coastal
"$339,745",4,2,"1,714",,308 E Magnolia Ave Unit B,Wildwood,NJ,08260,"Don Martin Realty, Inc"
"$415,000",3,2,,,434 E 23rd Ave Unit D,North Wildwood,NJ,08260,Cape May County Real Estate Brokers Llc
"$275,000",3,2+,,,106 Seabreeze Ct,North Wildwood,NJ,08260,WEICHERT REALTORS COASTAL
"$157,500",4,2,,,410 E Magnolia Ave Unit 200,Wildwood,NJ,08260,Keller Williams Realty - Jersey Shore
"$429,900",6,2,,3,118 E Columbine Rd,Wildwood Crest,NJ,08260,RE/MAX at The Shore
"$365,000",3,2+,,,602 Ohio Ave,North Wildwood,NJ,08260,"Long & Foster Real Estate, Inc Nww"
"$324,900",5,1+,,4,105 W Toledo Ave,Wildwood Crest,NJ,08260,Blue Ocean Realty
"$84,500",1,1,,,5001 New Jersey Ave Unit 104,Wildwood,NJ,08260,LEES REAL ESTATE AGENCY
"$229,000",3,2,,,216 E Roberts Ave Unit 3,Wildwood,NJ,08260,Weichert Realtors Coastal
"$424,900",1,1+,933,,9905 Seapointe Blvd Apt 315,Lower Township,NJ,08260,Seapointe Village Realty LLC
"$165,000",1,1,,,8501 Atlantic Ave Unit 323,Wildwood Crest,NJ,08260,CENTURY 21 Alliance
"$990,000",4,2+,,4,112 W Saint Paul Ave,Wildwood Crest,NJ,08260,HOFFMAN AGENCY
"$299,000",5,3,,,110-112 W 22nd Ave,North Wildwood,NJ,08260,Keller Williams Realty - Jersey Shore
"$449,000",8,4,,,129 E Primrose Rd,Wildwood Crest,NJ,08260,"Long & Foster Real Estate, Inc Sh"
"$249,900",2,1,,,510 E 8th Ave Unit 201,North Wildwood,NJ,08260,Don Martin Realty
"$299,000",5,3,,,110-112 W 22nd Ave,North Wildwood,NJ,08260,Keller Williams Realty - Jersey Shore
"$264,900",3,2,"1,344",,315 E Youngs Ave Unit 202,Wildwood,NJ,08260,Keller Williams Realty Jersey Shore Oc
"$524,900",3,2,,,100 W Miami Ave,Wildwood Crest,NJ,08260,ATLANTIS REALTY
"$50,000",,,,,421 W Roberts Ave,Wildwood,NJ,08260,WEICHERT REALTORS COASTAL REO
"$474,750",4,2+,"2,404",,6505 Pacific Ave,Wildwood Crest,NJ,08260,RE/MAX At The Shore
"$86,900",1,1,,,3201 Atlantic Ave Unit 207,Wildwood,NJ,08260,RE/MAX at The Shore
"$89,900",1,2,,,3110 Atlantic Ave Unit 105,Wildwood,NJ,08260,RE/MAX at The Shore
"$279,900",4,2,,,2804 Park Blvd,Wildwood,NJ,08260,WEICHERT REALTORS HOEY GROUP/VILLAS
"$330,000",5,3,,,221 W 26th Ave,North Wildwood,NJ,08260,RE/MAX AVALON-STONE HARBOR/AV
"$189,900",3,2,"1,000",,221 W 26th Ave Unit 1,North Wildwood,NJ,08260,RE/MAX AVALON-STONE HARBOR/AV
"$247,900",,,,,440 W 19th Ave,North Wildwood,NJ,08260,"Long & Foster Real Estate, Inc Nww"
"$159,900",2,1,650,,221 W 26th Ave Unit 2,North Wildwood,NJ,08260,RE/MAX AVALON-STONE HARBOR/AV
"$424,900",2,2,,,300 E Raleigh Ave Apt 514,Lower Township,NJ,08260,RE/MAX At The Shore
"$239,900",2,1,,,608 Ocean Ave Unit 206,North Wildwood,NJ,08260,Soleil Sotheby's International Realty-B
"$349,000",1,2,858,,9907 Seapointe Blvd Apt 107,Lower Township,NJ,08260,Seapointe Village Realty LLC
"$189,900",3,1+,,2,4613 Mediterranean Ave,Wildwood,NJ,08260,WEICHERT REALTORS HOEY GROUP/VILLAS
"$117,500",2,1,,,410 E Magnolia Ave Unit 100,Wildwood,NJ,08260,Keller Williams Realty - Jersey Shore
"$109,500",1,1,308,,701 Ocean Ave Unit 8,North Wildwood,NJ,08260,Island Realty Group
"$113,000",2,1,,,410 E Magnolia Ave Unit 102,Wildwood,NJ,08260,Keller Williams Realty - Jersey Shore
"$299,000",8,4,,,152 E Davis Ave,Wildwood,NJ,08260,Flynn Real Estate Agency
"$149,900",2,1,,,203 J Ave,West Wildwood,NJ,08260,"Remax Affiliates, N.E."
"$1,024,000",4,3+,"4,500",,422 E Atlanta Ave,Wildwood Crest,NJ,08260,HOFFMAN AGENCY
"$425,000",3,2,"1,300",,5701 Atlantic Ave Unit 302,Wildwood Crest,NJ,08260,HOFFMAN AGENCY
"$425,000",3,2,"1,300",,5701 Atlantic Ave Unit 301,Wildwood Crest,NJ,08260,HOFFMAN AGENCY
"$989,000",5,4+,,1,304 E Fern Rd,Wildwood Crest,NJ,08260,WEICHERT REALTORS COASTAL / WIL
"$1,200,000",5,4+,,,420 W Spruce Ave Unit B,North Wildwood,NJ,08260,"Long & Foster Real Estate, Inc Nww"
"$1,050,000",5,4+,,,426 W Spruce Ave Unit B,North Wildwood,NJ,08260,"Long & Foster Real Estate, Inc Nww"
"$1,200,000",5,4+,,,418 W Spruce Ave Unit A,North Wildwood,NJ,08260,"Long & Foster Real Estate, Inc Nww"
"$1,050,000",5,4+,,,424 W Spruce Ave Unit A,North Wildwood,NJ,08260,"Long & Foster Real Estate, Inc Nww"
"$239,000",4,2,"1,320",,133 E Wildwood Ave Unit C2,Wildwood,NJ,08260,RE/MAX at The Shore
"$297,500",4,2+,,,150 E Andrews Ave,Wildwood,NJ,08260,LEES REAL ESTATE AGENCY
"$459,900",5,3,"1,700",,204 E Farragut Rd,Wildwood Crest,NJ,08260,CENTURY 21 Alliance
"$699,900",2,2+,"1,962",,9601 Atlantic Ave Unit 504,Lower Township,NJ,08260,CENTURY 21 Alliance
"$595,000",3,2,"1,900",,9401 Atlantic Ave Unit 302,Wildwood Crest,NJ,08260,CHRIS HENDERSON REALTY
"$154,900",1,1,,2,140 W Montgomery Ave,Wildwood,NJ,08260,KW Jersey Shore
"$1,200,000",5,4+,,,420 W Spruce Ave,Wildwood,NJ,08260,"Long & Foster Real Estate, Inc Nww"
"$1,050,000",5,4+,,,426 W Spruce Ave,North Wildwood,NJ,08260,"Long & Foster Real Estate, Inc Nww"
"$1,050,000",5,4+,,,424 W Spruce Ave,Wildwood,NJ,08260,"Long & Foster Real Estate, Inc Nww"
"$1,200,000",5,4+,,,418 W Spruce Ave,Wildwood,NJ,08260,"Long & Foster Real Estate, Inc Nww"
"$439,900",3,2,"1,352",,408 E Columbine Condo Rd Unit 1,Wildwood Crest,NJ,08260,A.C. CHAMBERS REAL ESTATE
"$389,000",5,3+,,,2701 Pacific Ave,Wildwood,NJ,08260,Weichert Coastal Realtors
"$224,900",1,1,,,539 E 9th Ave Unit 305,North Wildwood,NJ,08260,RE/MAX At The Shore
"$755,000",3,2+,"2,386",,7701 Atlantic Ave Unit 311,Wildwood Crest,NJ,08260,Cabrera Coastal Real Estate
"$469,900",5,2,,,207 E Hollywood Ave,Wildwood Crest,NJ,08260,Daniels Realty-Diamond Beach
"$205,000",3,2,"1,400",,2701 Pacific Ave Unit Down,Wildwood,NJ,08260,Weichert Coastal Realtors
"$185,000",2,1+,"1,100",,2701 Pacific Ave Unit Up,Wildwood,NJ,08260,Weichert Coastal Realtors
"$299,900",3,2+,"1,500",,209 E 24th Ave Unit 2,North Wildwood,NJ,08260,RE/MAX At The Shore
"$199,000",2,2,560,3,413 W Montgomery Ave,Wildwood,NJ,08260,AVALON REAL ESTATE/CREST
"$485,000",3,2+,"1,453",,520 E Stockton Rd Unit 102,Wildwood Crest,NJ,08260,Keller Williams Realty - Jersey Shore
"$149,000",4,1,,,4302 Arctic Ave,Wildwood,NJ,08260,North Wildwood
"$439,000",2,2,"1,672",1,205 E Syracuse Ave,Wildwood Crest,NJ,08260,CENTURY 21 Alliance
"$165,000",4,2,,,305 W 16th Ave,North Wildwood,NJ,08260,Keller Williams Realty - Jersey Shore
"$479,000",5,2,"1,760",4,331-333 NW 18th Ave,North Wildwood,NJ,08260,"Don Martin Realty, Inc."
"$649,900",7,4,,,416 E 9th Ave,North Wildwood,NJ,08260,ISLAND REALTY GROUP
"$300,000",1,1+,755,,9905 Seapointe Blvd Apt 309,Lower Township,NJ,08260,"Long & Foster Real Estate, Inc Nww"
"$4,100,000",5,3,,,407-415 E Atlanta Ave,Wildwood Crest,NJ,08260,RE/MAX AT THE SHORE
"$83,777",1,1,,,320 E Wildwood Ave Unit 203,Wildwood,NJ,08260,"Long & Foster Real Estate, Inc"
"$103,900",1,1,,,5001 New Jersey Ave Unit 206,Wildwood,NJ,08260,KW Jersey Shore
"$158,500",1,1,420,,6701 Atlantic Ave Unit 302,Wildwood Crest,NJ,08260,CENTURY 21 Alliance
"$120,000",1,1,,,5802 Seaview Ave Unit 18,Wildwood Crest,NJ,08260,Weichert Realtors Coastal
"$249,900",4,2,,,4506 Atlantic Ave,Wildwood,NJ,08260,WEICHERT REALTORS COASTAL
"$589,000",5,3+,"2,500",,217 W Buttercup Rd E Unit,Wildwood Crest,NJ,08260,REMAX at the Shore Avalon-Stone Harbor
"$235,000",2,2,672,,406 E 18th Ave Apt 2,North Wildwood,NJ,08260,American Dream Realty of South Jersey
"$1,595,000",4,3+,"3,342",,6804 Park Blvd,Wildwood Crest,NJ,08260,The Oceanside Realty Team
"$284,900",3,1+,,1,526 W Burk Ave,Wildwood,NJ,08260,RE/MAX at The Shore
"$569,900",4,2+,"1,920",2,404 W 18th Ave,North Wildwood,NJ,08260,"Don Martin Realty, Inc."
"$254,000",2,2,729,,8401 Atlantic Ave Unit 310,Wildwood,NJ,08260,"Long & Foster Real Estate, Inc Nww"
"$279,000",2,1,,,3003 Atlantic Ave,Wildwood,NJ,08260,WEICHERT REALTORS COASTAL / WIL
"$999,000",,,,,308 E 1st Ave,North Wildwood,NJ,08260,Redfin Corporation
"$172,000",2,1,603,,435 E 17th Ave Unit 14,North Wildwood,NJ,08260,Don Martin Realty
"$249,000",5,2+,,,332 E Magnolia Ave,Wildwood,NJ,08260,Weichert Realtors Coastal
"$799,000",4,3+,"2,600",2,103 E Stanton Rd,Wildwood Crest,NJ,08260,Re/Max At The Shore
"$799,000",14,8,,,317 E Oak Ave,Wildwood,NJ,08260,Wayland Lewis
"$99,999",1,1,,,6701 Atlantic Ave Unit 207,Wildwood Crest,NJ,08260,ATLANTIS REALTY
"$649,900",,,,,131 W Spruce Ave,North Wildwood,NJ,08260,Re/Max At The Shore
"$119,900",,,,,329 W Taylor Ave,Wildwood,NJ,08260,KW Jersey Shore
"$359,500",3,2,,,301 E South Station Ave Unit 110,Lower Township,NJ,08260,"Long & Foster Real Estate, Inc Sh"
"$519,900",4,3,,,118 E Cardinal Rd,Wildwood Crest,NJ,08260,Long And Foster Real Estate Inc-Ocean City 10Th St
"$49,000",,,,,320 W Baker Ave,Wildwood,NJ,08260,Rio Realty
"$299,900",4,2,"1,652",,5008 Arctic Ave Unit 101,Wildwood,NJ,08260,Don Martin Realty
"$119,000",3,2,"1,056",,110 E Roberts Ave,Wildwood,NJ,08260,Rio Realty
"$279,900",6,2+,,2,710 New York Ave,North Wildwood,NJ,08260,KW Jersey Shore
"$434,900",4,3+,,,2119 Surf Ave Unit C,North Wildwood,NJ,08260,RE/MAX At The Shore
"$234,900",3,2,"1,540",,242 W Wildwood Ave Unit B,Wildwood,NJ,08260,Re/Max At The Shore
"$169,900",2,1,880,,123 W Poplar Ave,Wildwood,NJ,08260,HOMESTEAD REAL ESTATE COMPANY INC.
"$219,900",3,2,"1,500",,4106 Arctic Ave Unit 200,Wildwood,NJ,08260,Chris Henderson Realty
"$798,000",3,2,"1,600",,9400 Ocean Ave Unit 504,Wildwood Crest,NJ,08260,"Long & Foster Real Estate, Inc Nww"
"$545,000",4,2+,,,520 E Stockton Rd Unit 302,Wildwood Crest,NJ,08260,"Long & Foster Real Estate, Inc Nww"
"$159,000",6,2,,,2905 Park Blvd,Wildwood,NJ,08260,BETTER HOMES REALTY
"$149,900",1,1,470,,9101 Atlantic Ave Unit 207,Wildwood Crest,NJ,08260,CENTURY 21 Alliance
"$225,000",3,1,,1,109 E Magnolia Ave,Wildwood,NJ,08260,ATLANTIS REALTY
"$399,000",4,2,,,422 E 17th Ave,North Wildwood,NJ,08260,Don Martin Realty
"$329,900",4,3,,,904 New York Ave,North Wildwood,NJ,08260,Flynn Real Estate Agency
"$540,000",3,2+,"1,595",,520 E Stockton Rd Unit 101,Wildwood Crest,NJ,08260,"Long & Foster Real Estate, Inc Nww"
"$227,000",4,1+,"1,234",,205 E 25th St Unit 4,North Wildwood,NJ,08260,BHHS FOX AND ROACH
"$169,900",1,1,,,417-25 E 22nd Ave Unit 301,North Wildwood,NJ,08260,"Re/Max Affiliates, Nj Inc"
"$169,900",1,1,,,417-425 E 22nd Ave Unit 301,North Wildwood,NJ,08260,"Remax Affiliates, N.E."
"$239,000",8,3+,,,255 W Pine Ave,Wildwood,NJ,08260,Weichert Coastal Realtors
"$549,900",4,3+,,,2313 Surf Ave Unit 7,North Wildwood,NJ,08260,"Jersey Cape Realty, Inc."
"$215,000",3,2,,,5407 Pacific Ave Apt 6,Wildwood Crest,NJ,08260,KW Jersey Shore
"$259,000",3,2+,"1,678",1,142 W Montgomery Ave,Wildwood,NJ,08260,Re/Max At The Shore
"$889,000",7,3+,"3,842",2,6311 Park Blvd,Wildwood,NJ,08260,"Long & Foster Real Estate, Inc Nww"
"$4,695,000",,,,,2701 Ocean Ave,Wildwood,NJ,08260,"Long & Foster Real Estate, Inc Sh"
"$359,500",5,3,"3,211",,129 W Glenwood Ave,Wildwood,NJ,08260,RE/MAX Connection Realtors - Mantua
"$659,900",4,3+,,,7404 Atlantic Ave,Wildwood Crest,NJ,08260,KW Jersey Shore
"$489,900",4,2+,,,425 Mulberry Ave,North Wildwood,NJ,08260,Re/Max At The Shore
"$225,000",,,,,201 W Walnut Ave,North Wildwood,NJ,08260,"RIXEY REAL ESTATE AGENCY, LLC."
"$399,900",5,2+,,,123 W 20th Ave,North Wildwood,NJ,08260,LEES REAL ESTATE AGENCY
"$599,500",3,2,"1,636",,8901 Atlantic Ave Unit 103,Wildwood Crest,NJ,08260,CHRIS HENDERSON REALTY
"$340,000",5,2,,,307 E Leaming Ave,Wildwood,NJ,08260,HOFFMAN AGENCY
"$399,900",5,2,"1,820",3,4908 Ocean Ave,Wildwood,NJ,08260,LEES REAL ESTATE AGENCY
"$265,000",3,2,,,503 W Taylor Ave Unit B,Wildwood,NJ,08260,CENTURY 21 Alliance
"$459,900",7,2,,,117 W Denver Ave,Wildwood Crest,NJ,08260,"DESATNICK REAL ESTATE, L.L.C."
"$229,000",5,2,,4,400 W Burk Ave,Wildwood,NJ,08260,"Cape Islands Realty, Llc"
"$559,000",3,2,,,101 W Spruce Bch Unit 203,North Wildwood,NJ,08260,WEICHERT REALTORS COASTAL
"$1,175,000",4,4+,"3,163",,7701 Atlantic Ave Unit 501,Wildwood Crest,NJ,08260,Re/Max At The Shore
"$425,000",3,2,"1,440",,431 E 24th Ave Unit D,North Wildwood,NJ,08260,RE/MAX at the Shore
"$149,900",2,1,696,,405 W Pine Ave Unit C,Wildwood,NJ,08260,Keller Williams Realty - Washington Town
"$154,900",1,1,400,,1309 Ocean Ave Unit 128,North Wildwood,NJ,08260,"Long & Foster Real Estate, Inc"
"$579,900",4,3+,"2,344",,405 E 24th Ave,North Wildwood,NJ,08260,LEES REAL ESTATE AGENCY
"$659,900",4,3+,,,7402 Atlantic Ave,Wildwood Crest,NJ,08260,KW Jersey Shore
"$1,319,800",,,,,7402 and 7404 Atlantic Ave,Wildwood Crest,NJ,08260,KW Jersey Shore
"$134,900",3,1,,4,3 B Ave,West Wildwood,NJ,08260,RE/MAX at The Shore
"$154,900",1,1,,,510 E 14th Ave Unit 210,North Wildwood,NJ,08260,Weichert Coastal Realtors
"$759,900",10,6,"2,106",,122 E 22nd Ave,North Wildwood,NJ,08260,Haddonfield
"$419,000",4,4,,,310 E Stockton Rd,Wildwood Crest,NJ,08260,Coldwell Banker Sol Needles Real Estate
"$410,000",4,3+,"2,048",,337 E Pine Ave,Wildwood,NJ,08260,BHHS FOX AND ROACH
"$119,900",1,1,477,,5500 Park Blvd Unit 1,Wildwood Crest,NJ,08260,LEES REAL ESTATE AGENCY
"$389,900",3,2,"1,658",,2502 Surf Ave Unit 100,North Wildwood,NJ,08260,ISLAND REALTY GROUP
"$449,900",4,3+,"1,726",,2407 Surf Ave Unit C2407,North Wildwood,NJ,08260,ISLAND REALTY GROUP
"$67,500",4,2,,,142 W Andrews Ave,Wildwood,NJ,08260,Weichert Realtors Coastal
"$479,900",4,2,"1,735",,327 E 25th Ave Unit 102,North Wildwood,NJ,08260,"Long & Foster Real Estate, Inc Nww"
"$379,971",4,2,,,1011 Delaware Ave,North Wildwood,NJ,08260,Charles Dahmer
"$220,000",2,2+,,,764 and 761 W Glenwood Maple Ave,West Wildwood,NJ,08260,KW Jersey Shore
"$119,900",,,,,211 Neptune Ave,West Wildwood,NJ,08260,KW Jersey Shore
"$165,000",1,1,396,,1000 Kennedy Dr Unit 305,North Wildwood,NJ,08260,Media Home Marketing Center
"$529,000",3,2,,,222 W 3rd Ave Apt 302,North Wildwood,NJ,08260,WEICHERT REALTORS COASTAL
"$349,900",2,1,,2,110 E 9th Ave,North Wildwood,NJ,08260,"Long & Foster Real Estate, Inc Sh"
"$149,900",3,1,,,2601 Park Blvd,Wildwood,NJ,08260,KELLER WILLIAMS REALTY ATLANTIC SHORE
"$169,000",2,2,,,402 W Bennett Ave Apt D,Wildwood,NJ,08260,WEICHERT REALTORS COASTAL
"$280,000",3,2,990,,724 W Pine Ave,North Wildwood,NJ,08260,Coldwell Banker James C Otton Real Estate - Sh
"$499,900",4,3+,,,341 E 20th Ave,North Wildwood,NJ,08260,Cabrera Coastal Real Estate
"$154,900",1,1,,,3010 Ocean Ave Unit 208,Wildwood,NJ,08260,LEES REAL ESTATE AGENCY
"$225,000",,,,,664-66 W 26th Ave,West Wildwood,NJ,08260,"Cape Islands Realty, Llc"
"$674,900",5,3+,,,514 W 26 St,Wildwood,NJ,08260,"Long & Foster Real Estate, Inc"
"$975,000",3,4,"2,132",,9900 Seapointe Blvd Unit 14,Lower Township,NJ,08260,Seapointe Village Realty LLC
"$399,900",4,3+,,4,740 W Maple Ave,West Wildwood,NJ,08260,Keller Williams Jersey Shore
"$224,500",4,2,,1,112 W 18th Ave,North Wildwood,NJ,08260,Weichert Realtors Coastal
"$669,000",5,2+,"3,200",2,122 W Aster Rd,Wildwood Crest,NJ,08260,Seapointe Village Realty LLC
"$795,000",12,6,,,309-11 E Hildreth Ave,Wildwood,NJ,08260,Coldwell Banker Sol Needles Real Estate
"$295,000",3,1,"1,021",2,311 E Hildreth Ave,Wildwood,NJ,08260,Coldwell Banker Sol Needles Real Estate
"$495,000",9,5,,,309 E Hildreth Ave,Wildwood,NJ,08260,Coldwell Banker Sol Needles Real Estate
"$94,000",2,1,644,,213-215 E Baker,Wildwood,NJ,08260,ATLANTIS REALTY
"$579,900",8,3+,"9,648",,,Wildwood,NJ,08260,Blue Ocean Realty
"$67,000",0,1,265,,5600 Seaview Ave # 13,Wildwood Crest,NJ,08260,CENTURY 21 Alliance
"$299,000",4,2,,,543 W Magnolia Ave,West Wildwood,NJ,08260,CENTURY 21 Alliance
"$154,900",1,1,420,,6701 Atlantic Ave # 305,Wildwood Crest,NJ,08260,BLUE OCEAN REALTY
"$153,000",2,1+,,,610 W Burk Avenue Ctr Unit 11,Wildwood,NJ,08260,Weichert Realtors Coastal
"$548,500",2,2,"1,360",,450 E Nashville Ave Unit 504,Wildwood Crest,NJ,08260,CHRIS HENDERSON REALTY
"$439,000",2,2,"1,217",,9907 Seapointe Blvd Apt 109,Lower Township,NJ,08260,Seapointe Village Realty LLC
"$289,000",1,1,755,,9905 Seapointe Blvd Apt 400,Lower Township,NJ,08260,Seapointe Village Realty LLC
"$599,000",3,2,"1,900",,9401 Atlantic Ave Unit 304,Wildwood Crest,NJ,08260,CHRIS HENDERSON REALTY
"$389,900",4,2+,,2,12 Mueller Ave,West Wildwood,NJ,08260,KW Jersey Shore
"$599,900",3,2,"1,600",,500 E Raleigh Ave Apt 203,Lower Township,NJ,08260,"Long & Foster Real Estate, Inc Sh"
"$125,000",,,,,606 W 26th St,West Wildwood,NJ,08260,"Coastline Realty,LLC"
"$108,000",,,,,604 W 26th St,West Wildwood,NJ,08260,"Coastline Realty,LLC"
"$108,000",,,,,602 W 26th St,West Wildwood,NJ,08260,"Coastline Realty,LLC"
"$108,000",,,,,600 W 26th St,West Wildwood,NJ,08260,"Coastline Realty,LLC"
"$162,500",2,1,,,787 W Rio Grande Ave Unit B,Wildwood,NJ,08260,RE/MAX of the Wildwoods
"$89,900",1,1,,,225 E Wildwood Ave Unit 406,Wildwood,NJ,08260,BLUE OCEAN REALTY
"$775,000",3,2+,"1,834",,7701 Atlantic Ave Unit 408,Wildwood Crest,NJ,08260,CHRIS HENDERSON REALTY
"$649,000",4,3+,"2,500",1,112 E 13th Ave,North Wildwood,NJ,08260,WEICHERT REALTORS COASTAL
"$319,000",2,1,"1,170",,5201 Ocean Ave Apt 1008,Wildwood,NJ,08260,CHRIS HENDERSON REALTY
"$44,900",,,,,3018 Park Blvd,Wildwood,NJ,08260,"Cape Islands Realty, Llc"
"$475,000",2,2,"1,380",,7100 Ocean Ave Apt 515,Wildwood Crest,NJ,08260,CHRIS HENDERSON REALTY
"$68,000",1,1,400,,225 E Wildwood Ave Unit 108,Wildwood,NJ,08260,CENTURY 21 Alliance
"$164,900",1,1,420,,6701 Atlantic Ave Unit 308,Wildwood Crest,NJ,08260,BLUE OCEAN REALTY
"$879,000",3,2,"1,856",,9601 Atlantic Ave Unit 411,Lower Township,NJ,08260,RE/MAX at the Shore
"$137,500",2,1,650,,219 W 26th Ave Unit 4,North Wildwood,NJ,08260,CENTURY 21 Alliance
"$164,900",1,1,,,500 E 13th Ave Unit 210,North Wildwood,NJ,08260,LEES REAL ESTATE AGENCY
"$1,589,000",5,5+,"2,945",2,5606 Lake Rd,Wildwood Crest,NJ,08260,"Long & Foster Real Estate, Inc"
"$299,900",4,3,,,425 W Cedar Ave Unit A,Wildwood,NJ,08260,KW Jersey Shore
"$209,900",0,2,"1,812",,136 E Roberts Ave,Wildwood,NJ,08260,Long & Foster Real Estate - Avalon
"$457,700",3,2,,,510 E 11th Ave Apt D,North Wildwood,NJ,08260,RE/MAX At The Shore
"$259,971",5,2,,,109 New York Ave,North Wildwood,NJ,08260,Charles Dahmer
"$265,999",2,1,593,,1200 Kennedy Dr Unit 219,North Wildwood,NJ,08260,Blue Ocean Realty
"$398,000",6,4,,,135 W Spencer Ave,Wildwood,NJ,08260,WEICHERT REALTORS COASTAL
"$539,000",4,3+,,,5401 Shawcrest Rd Unit C,Lower Township,NJ,08260,WEICHERT REALTORS COASTAL
"$199,000",3,2,,,135 W Spencer Ave Unit 2,Wildwood,NJ,08260,WEICHERT REALTORS COASTAL
"$169,900",2,1,,,4501 Pacific Ave Unit 402,Wildwood,NJ,08260,LEES REAL ESTATE AGENCY
"$539,000",3,1+,"1,600",2,3234 Lake Ave,Wildwood,NJ,08260,Weichert Coastal Realtors
"$249,900",3,1,,,642 W Pine Ave Unit 2,North Wildwood,NJ,08260,Coldwell Banker James C Otton Real Estate - Av
"$200,000",4,2,,,4 F Ave,West Wildwood,NJ,08260,AVALON REAL ESTATE/CREST
"$269,971",2,1,,,300 E Marina Court Dr Unit 4B,North Wildwood,NJ,08260,Charles Dahmer
"$323,000",4,1+,,,121 E Columbine Rd,Wildwood Crest,NJ,08260,"Long & Foster Real Estate, Inc"
"$174,900",3,2,,,420 W Roberts Ave Unit D,Wildwood,NJ,08260,Keller Williams Realty - Jersey Shore
"$699,900",4,2+,,,5300 Lake Rd Unit 5,Wildwood,NJ,08260,KW Jersey Shore
"$439,000",5,2+,"2,400",,156 W Morning Glory Rd,Wildwood Crest,NJ,08260,ATLANTIS REALTY
"$229,000",3,2,"1,450",,232 E Garfield St Unit B,Wildwood,NJ,08260,RE/MAX AVALON-STONE HARBOR/AV
"$299,900",4,2,"1,600",,151 E Leaming Top Ave Unit 200,Wildwood,NJ,08260,CENTURY 21 Alliance
"$229,900",3,1,,,308 St Demetrios Ave Unit A,North Wildwood,NJ,08260,KW Jersey Shore
"$459,900",6,2,,,308 St Demetrios Ave,North Wildwood,NJ,08260,KW Jersey Shore
"$294,500",2,2,980,,300 E Raleigh Ave Apt 113,Lower Township,NJ,08260,Era A. J. Cali Real Estate
"$239,900",3,1,,,308 St Demetrios Ave Unit B,North Wildwood,NJ,08260,KW Jersey Shore
"$499,000",,,,,3703 Park Blvd,Wildwood,NJ,08260,Rio Realty
"$494,500",2,2,"1,236",,9903 Seapointe Blvd Apt 401,Lower Township,NJ,08260,Seapointe Village Realty LLC
"$229,900",3,2,,,611 W Magnolia Ave,West Wildwood,NJ,08260,Rio Realty
"$349,999",4,3+,,,3904 Susquehanna Ave,Wildwood,NJ,08260,"Long & Foster Real Estate, Inc"
"$449,900",3,2,,,415 E Heather Rd Unit 103,Wildwood Crest,NJ,08260,RE/MAX At The Shore
"$650,000",4,3,,1,120 E Hollywood Ave,Wildwood Crest,NJ,08260,WEICHERT REALTORS COASTAL
"$845,000",4,2,,,6201 Ocean Ave Unit Penthouse,Wildwood Crest,NJ,08260,HOFFMAN AGENCY
"$278,000",2,1,968,,256 Seabreeze Ct Unit A,North Wildwood,NJ,08260,WEICHERT REALTORS COASTAL
"$149,900",1,1,463,,417-425 E 22nd St Unit 206,North Wildwood,NJ,08260,KW Jersey Shore
"$169,900",4,1,,,4712 Arctic Ave,Wildwood,NJ,08260,HOFFMAN AGENCY
"$875,000",3,2,"2,400",,450 E Nashville Ave Unit 302,Wildwood Crest,NJ,08260,HOFFMAN AGENCY
"$274,900",2,2,,4,21 Shawcrest Rd,Wildwood,NJ,08260,CENTURY 21 Alliance
"$489,000",3,2,"1,326",,9905 Seapointe Blvd Apt 206,Lower Township,NJ,08260,Century 21 Gilmartin & Company
"$174,900",2,1,,,145 E Andrews Ave Unit 202,Wildwood,NJ,08260,RE/MAX At The Shore
"$129,900",3,1,"1,000",,120 E Youngs Ave Unit 101,Wildwood,NJ,08260,RE/MAX AVALON-STONE HARBOR/AV
"$239,500",4,2,,,427 W Glenwood Ave,Wildwood,NJ,08260,CENTURY 21 Alliance
"$439,900",4,3,"2,000",,305 W 19th Ave,North Wildwood,NJ,08260,ATLANTIS REALTY
"$439,900",4,3,"2,000",,303 W 19th Ave,North Wildwood,NJ,08260,ATLANTIS REALTY
"$599,900",5,,,1,436 W Garfield Ave,Wildwood,NJ,08260,VALENTINO REALTY
"$56,000",,,,,631 W Maple Ave,West Wildwood,NJ,08260,"Cape Islands Realty, Llc"
"$229,500",,,,,3719 Pacific Ave,Wildwood,NJ,08260,RE/MAX at The Shore
"$794,000",5,3,"3,200",,111 E 9th Ave,North Wildwood,NJ,08260,Weichert Coastal Realtors
"$429,900",3,2,"1,480",,333 E 16th Ave Unit 200,North Wildwood,NJ,08260,CENTURY 21 Alliance
"$499,971",7,7+,,,309 E Hand Ave,Wildwood,NJ,08260,Charles Dahmer
"$245,000",4,2,,,324 E Maple Ave,Wildwood,NJ,08260,HOFFMAN AGENCY
"$299,000",4,1+,,,218 W 20th Ave,North Wildwood,NJ,08260,CALLOWAY REALTY
"$99,900",1,2,495,,3110 Atlantic Ave Unit 308,Wildwood,NJ,08260,"Long & Foster Real Estate, Inc Nww"
"$169,900",1,1,,,1900 Boardwalk Unit 709,North Wildwood,NJ,08260,RE/MAX at The Shore
"$110,000",0,1,,,1200 Kennedy Dr Unit 110,North Wildwood,NJ,08260,CENTURY 21 Alliance
"$724,000",5,3+,"2,340",2,136 W Wisteria Rd,Wildwood Crest,NJ,08260,CALLOWAY REALTY
"$524,900",4,3,"2,100",,503 E 19th Ave Unit 100,North Wildwood,NJ,08260,ISLAND REALTY GROUP
"$499,000",3,2+,,,131 W Spruce Ave Unit D,North Wildwood,NJ,08260,Re/Max At The Shore
"$499,000",3,2+,,,131 W Spruce Ave Unit C,North Wildwood,NJ,08260,Re/Max At The Shore
"$499,000",3,2+,,,131 W Spruce Ave Unit B,North Wildwood,NJ,08260,Re/Max At The Shore
"$499,000",3,2+,,,131 W Spruce Ave Unit A,North Wildwood,NJ,08260,Re/Max At The Shore
"$299,000",4,3,,,104 E 13th Ave,North Wildwood,NJ,08260,Flynn Real Estate Agency
"$134,900",1,1,,,5704 Atlantic Ave Unit 3B,Wildwood Crest,NJ,08260,CENTURY 21 Alliance
"$439,900",8,4,,,117 E 14th Ave,North Wildwood,NJ,08260,"Long & Foster Real Estate, Inc Nww"
"$1,799,998",,,,,401 E Glenwood Ave,Wildwood,NJ,08260,Keller Williams Realty Jersey Shore
"$469,000",5,3+,,,131 W 17th St Unit West,North Wildwood,NJ,08260,WEICHERT REALTORS COASTAL REO
"$218,900",2,1,,,1800 Ocean Ave Unit 303,North Wildwood,NJ,08260,Re/Max At The Shore
"$129,900",3,1,"1,198",3,790 W Rio Grande Ave,Lower Township,NJ,08260,LEES REAL ESTATE AGENCY
"$159,900",1,1,470,,9101 Atlantic Ave Unit 405,Wildwood Crest,NJ,08260,ATLANTIS REALTY
"$217,500",3,2,,,415 W Bennett Ave Apt B,Wildwood,NJ,08260,WEICHERT REALTORS COASTAL
"$559,000",8,3+,,,305 E Syracuse Ave,Wildwood Crest,NJ,08260,CALLOWAY REALTY
"$599,500",4,3+,"2,006",,606 Surf Ave,North Wildwood,NJ,08260,Re/Max At The Shore
"$229,900",4,4,,,316 W Montgomery Ave,Wildwood,NJ,08260,LEES REAL ESTATE AGENCY
"$219,900",2,1,,,7203 Atlantic Ave Unit 302,Wildwood Crest,NJ,08260,Blue Ocean Realty
"$199,900",3,1+,,,241 E Cresse Ave Unit 1ST,Wildwood,NJ,08260,Blue Ocean Realty
"$169,900",2,1,,,4501 Pacific Ave Unit 401,Wildwood,NJ,08260,CENTURY 21 Alliance
"$275,000",,,,,400 Dock St,Wildwood,NJ,08260,WEICHERT REALTORS COASTAL REO
"$419,971",4,3,"2,000",,330 E 15th Ave Unit A,North Wildwood,NJ,08260,Charles Dahmer
"$129,900",2,1,576,,2907 Park Blvd,Wildwood,NJ,08260,LEES REAL ESTATE AGENCY
"$424,900",2,2,,,600 Kennedy Dr Units 213 & 214,North Wildwood,NJ,08260,Don Martin Realty
"$449,900",,,,,414 W 15th Ave,North Wildwood,NJ,08260,"Don Martin Realty, Inc."
"$210,000",3,2,"1,840",3,203 E Cresse Ave,Wildwood,NJ,08260,"Long & Foster Real Estate, Inc"
"$249,900",3,2,,,201A E Pine Ave Unit A,Wildwood,NJ,08260,CENTURY 21 Alliance
"$395,000",5,2,"2,014",1,2110 New York Ave,North Wildwood,NJ,08260,CENTURY 21 Alliance
"$339,900",3,2,"1,200",,403 E 18th St Unit 4B,North Wildwood,NJ,08260,Keller Williams/Atlantic Shore
"$275,000",1,1,692,,9904 Seapointe Blvd # 209,Lower Township,NJ,08262,Seapointe Village Realty LLC
"$220,000",0,1,,,6201 Ocean Ave Unit 414,Wildwood Crest,NJ,08260,HOFFMAN AGENCY
"$229,000",,,,,108 W 7th Ave,North Wildwood,NJ,08260,"Cape Islands Realty, Llc"
"$299,900",3,2+,,1,119 E Spicer Ave,Wildwood,NJ,08260,The Oceanside Realty Team
"$199,900",6,2,"1,320",,213 E Garfield Ave,Wildwood,NJ,08260,LEES REAL ESTATE AGENCY
"$319,900",7,4+,,,133 E Hand Ave,Wildwood,NJ,08260,WEICHERT REALTORS HOEY GROUP
"$249,900",3,2,,,600 North Ave Unit 313,West Wildwood,NJ,08260,KW Jersey Shore
"$299,900",3,2+,,,810 Ohio Ave Apt 10,North Wildwood,NJ,08260,Fox Real Estate
"$359,900",4,2,,,2903 Pacific Ave,Wildwood,NJ,08260,ISLAND REALTY GROUP
"$68,000",1,1,,,225 E Wildwood Ave Unit 416,Wildwood,NJ,08260,LEES REAL ESTATE AGENCY
"$575,000",3,2,"1,688",,407 E Monterey Ave Unit 304,Wildwood Crest,NJ,08260,ReMax At The Shore
"$100,000",1,1,400,,701 Ocean Ave Unit 4,North Wildwood,NJ,08260,CENTURY 21 Alliance
"$430,000",2,2,"1,189",,9903 Seapointe Blvd Apt 605,Lower Township,NJ,08260,Seapointe Village Realty LLC
"$125,000",1,1,320,,431 E 19th Ave Unit 107,North Wildwood,NJ,08260,"Don Martin Realty, Inc."
"$299,900",3,2+,,,810 Ohio 10 Ave Unit 110,North Wildwood,NJ,08260,FOX REAL ESTATE
"$479,000",2,2,"1,154",,9905 Seapointe Blvd Apt 707,Lower Township,NJ,08260,Seapointe Village Realty LLC
"$89,900",,,,,4 J Ave,Wildwood,NJ,08260,Rio Realty
"$94,000",2,1,,1,724 W Glenwood Ave,West Wildwood,NJ,08260,RE/MAX of the Wildwoods
"$599,000",4,2,,,508 W Spruce Ave,North Wildwood,NJ,08260,Weichert Coastal
"$97,500",1,1,320,,431 E 19th Ave Unit 224,North Wildwood,NJ,08260,Weichert Realtors Coastal
"$169,000",4,3,,,4516 Park Blvd,Wildwood,NJ,08260,Weichert Realtors Coastal
"$284,000",3,2,,,235 E Taylor Ave Apt E,Wildwood,NJ,08260,Weichert Coastal Realtors
"$565,000",4,3+,,,205 N Anglesea Dr Unit 111,North Wildwood,NJ,08260,WEICHERT REALTORS COASTAL / WIL
"$565,000",4,3+,,,207 N Anglesea Dr Unit 111,North Wildwood,NJ,08260,WEICHERT REALTORS COASTAL / WIL
"$254,500",3,2,,,317 E Maple Ave Unit 3,Wildwood,NJ,08260,CHRIS CLEMANS SOTHEBY'S INTERNATIONAL REALTY
"$159,000",2,1,,,3003 Atlantic Ave Unit 200,Wildwood,NJ,08260,WEICHERT REALTORS COASTAL / WIL
"$329,900",,,,,725 W Spruce Ave,North Wildwood,NJ,08260,"Cape Islands Realty, Llc"
"$115,000",1,1,486,,5600 Seaview Ave Unit 5,Wildwood Crest,NJ,08260,ATLANTIS REALTY
"$309,000",4,2,"1,794",,225 E Burk Ave Unit 1,Wildwood,NJ,08260,CENTURY 21 Alliance
"$229,000",3,2,,,442 W Pine Ave,Wildwood,NJ,08260,RE/MAX at The Shore
"$499,000",3,2,"1,600",,500 E Raleigh Ave Apt 502,Lower Township,NJ,08260,CHRIS HENDERSON REALTY
"$158,900",3,1,,,328 W Roberts Ave,Wildwood,NJ,08260,REAL ESTATE EXCEL - NEWTOWN
"$110,000",3,1,,,236 E Burk Ave,Wildwood,NJ,08260,Weichert Coastal Realtors
"$535,000",10,8+,"3,042",2,109 E 24th Ave,North Wildwood,NJ,08260,CENTURY 21 Alliance
"$345,000",3,2,"1,340",,1804 Surf Ave Unit B-TOPFLOOR,North Wildwood,NJ,08260,"Long & Foster Real Estate, Inc Nww"
"$245,000",1,1,"1,050",,5301 Ocean Ave Apt 109,Wildwood,NJ,08260,CHRIS HENDERSON REALTY
"$299,900",3,2+,,,810 Ohio Ave Apt 5,North Wildwood,NJ,08260,"Long & Foster Real Estate, Inc Sh"
"$164,900",1,1,,,8200 Atlantic Ave Unit 29,Wildwood Crest,NJ,08260,AVALON REAL ESTATE/CREST
"$115,000",2,1,552,,319 E Montgomery Ave Apt 6,Wildwood,NJ,08260,Long And Foster Real Estate
"$189,900",6,2,,,4202 Hudson Ave,Wildwood,NJ,08260,CENTURY 21 Alliance
"$619,000",3,2,"1,636",,8901 Atlantic Ave Unit 302,Wildwood Crest,NJ,08260,CHRIS HENDERSON REALTY
"$225,000",10,7,,,233 E Youngs Ave,Wildwood,NJ,08260,"Long & Foster Real Estate, Inc"
"$425,000",2,2,"1,217",,9907 Seapointe Blvd Apt 213,Lower Township,NJ,08260,Seapointe Village Realty LLC
"$424,900",1,2,804,,9903 Seapointe Blvd Apt 713,Lower Township,NJ,08260,Seapointe Village Realty LLC
"$124,995",1,1,336,,701 Ocean Ave Unit 13,North Wildwood,NJ,08260,FLYNN AGENCY INC
"$193,900",3,2+,,,5200 Hudson Ave Apt C,Wildwood,NJ,08260,HOFFMAN AGENCY
"$239,900",3,2+,,,208 E 20th Ave Unit 2C,North Wildwood,NJ,08260,WEICHERT REALTORS COASTAL
"$14,900",,,,,5100 Shawcrest Rd,Lower Township,NJ,08260,"DESATNICK REAL ESTATE, L.L.C."
"$219,000",1,1,"1,050",,5301 Ocean Ave Apt 707,Wildwood,NJ,08260,CENTURY 21 Alliance
"$229,900",4,2,,,120 E Pine Ave Unit B2,Wildwood,NJ,08260,Long & Foster Real Estate
"$449,971",4,1,,3,531 W Spruce Ave,North Wildwood,NJ,08260,Charles Dahmer
"$159,900",1,1,,,406-10 E Monterey Ave Unit 306,Wildwood Crest,NJ,08260,RE/MAX AVALON-STONE HARBOR/AV
"$99,500",1,1,,,505 E 4th Ave Unit 320,North Wildwood,NJ,08260,Don Martin Realty
"$209,900",4,2,"1,260",,112 W 9th Ave Unit 101,North Wildwood,NJ,08260,ATLANTIS REALTY
"$597,000",2,2,"1,300",2,713-715 Beach Crk,North Wildwood,NJ,08260,Flynn Real Estate Agency
"$309,900",3,2,950,,302 Atlantic Ave Apt 4,North Wildwood,NJ,08260,RE/MAX of the Wildwoods
"$206,000",3,1+,"1,500",,103 E Crocus Rd Unit B,Wildwood Crest,NJ,08260,CENTURY 21 Alliance
"$499,900",3,2+,"2,491",3,720 Allen Dr,North Wildwood,NJ,08260,CENTURY 21 Rauh & Johns
"$169,900",2,1,,,209 E Bennett Ave Apt 3,Wildwood,NJ,08260,Re/Max At The Shore
"$87,500",1,1,408,,7806 Seaview Ave Apt 4,Wildwood Crest,NJ,08260,Re/Max At The Shore
"$409,900",3,3,"2,000",,326 E 24th Ave Unit 106,North Wildwood,NJ,08260,"Long & Foster Real Estate, Inc Nww"
"$379,900",3,2,"1,424",,326 E 24th Ave Unit 206,North Wildwood,NJ,08260,"Long & Foster Real Estate, Inc Nww"
"$389,900",3,2,"1,424",,326 E 24th Ave Unit 208,North Wildwood,NJ,08260,"Long & Foster Real Estate, Inc Nww"
"$409,900",3,3,"2,000",,326 E 24th Ave Unit 108,North Wildwood,NJ,08260,"Long & Foster Real Estate, Inc Nww"
"$399,900",3,2+,,,313 E Miami Ave Unit 1,Wildwood Crest,NJ,08260,HOFFMAN AGENCY
"$139,000",1,1,,,511 E Stockton Rd Unit 219,Wildwood Crest,NJ,08260,CENTURY 21 Alliance
"$189,900",1,1,,,406-10 E Monterey Ave Unit 303,Wildwood Crest,NJ,08260,HOFFMAN AGENCY
"$525,000",2,2+,"1,172",,9900 Seapointe Blvd Unit 22,Lower Township,NJ,08260,Seapointe Village Realty LLC
"$299,900",3,2+,"1,678",,426 W Oak Ave Unit 1,Wildwood,NJ,08260,The Oceanside Realty Team
"$329,900",3,2+,"1,678",1,432 W Oak Ave,Wildwood,NJ,08260,The Oceanside Realty Team
"$257,900",7,3,,,121 E 18th Ave,North Wildwood,NJ,08260,"Cape Islands Realty, Llc"
"$235,000",2,3,,,6411 Pacific Ave Unit 7,Wildwood Crest,NJ,08260,AVALON REAL ESTATE/CREST
"$119,900",1,1,,,310 E 17th Ave Unit 2,North Wildwood,NJ,08260,"Don Martin Realty, Inc."
"$109,900",,,,,322 W Magnolia Ave,Wildwood,NJ,08260,RE/MAX at The Shore
"$99,900",,,,,2 Mueller Ave,West Wildwood,NJ,08260,CENTURY 21 Alliance
"$159,900",1,1,,,510 E 14th Ave Unit 307,North Wildwood,NJ,08260,Re/Max At The Shore
"$689,000",3,2,"1,636",,8901 Atlantic Ave Unit 503,Wildwood Crest,NJ,08260,CHRIS HENDERSON REALTY
"$249,900",3,2+,,,409 W Taylor Ave,Wildwood,NJ,08260,"Jersey Beach Realty, Llc"
"$399,000",7,3,"3,406",,5606 Pacific Ave,Wildwood Crest,NJ,08260,ATLANTIS REALTY
"$1,195,000",4,4+,"3,225",,7701 Atlantic Ave Unit 502,Wildwood Crest,NJ,08260,CHRIS HENDERSON REALTY
"$559,000",10,5,,,321 E Montgomery Ave,Wildwood,NJ,08260,WEICHERT REALTORS COASTAL
"$199,000",,,,,670 W 26th Ave,Wildwood,NJ,08260,Weichert Coastal Realtors
"$204,971",3,1+,,,333A W 19th Ave Unit A,North Wildwood,NJ,08260,Charles Dahmer
"$139,971",4,3,,,1 SW Boardwalk Ave,North Wildwood,NJ,08260,Charles Dahmer
"$499,900",2,2,"1,238",,9905 Seapointe Blvd Apt 702,Lower Township,NJ,08260,Seapointe Village Realty LLC
"$899,900",5,4+,"3,000",2,326 E 1st Ave,North Wildwood,NJ,08260,REMAX at the Shore Avalon-Stone Harbor
"$749,000",3,2+,"2,350",,7701 Atlantic Ave Unit 411,Wildwood Crest,NJ,08260,CHRIS HENDERSON REALTY
"$329,000",4,2+,,,1111 New York Ave,North Wildwood,NJ,08260,Flynn Real Estate Agency
"$299,000",3,2,,,117 W Lavender Rd,Wildwood Crest,NJ,08260,Avalon Real Estate
"$549,000",4,3,"2,784",1,107 E 12th St,North Wildwood,NJ,08260,ReMax at the Shore
"$569,900",3,2,"1,326",,9901 Seapointe Blvd Apt 605,Lower Township,NJ,08260,Seapointe Village Realty LLC
"$409,900",3,2,"1,274",,7400 Ocean Ave Unit 201N,Wildwood Crest,NJ,08260,The Oceanside Realty Team
"$799,900",3,2,"1,600",,9400 Ocean Ave Unit 604,Wildwood Crest,NJ,08260,Re/Max At The Shore
"$64,900",,,,,514 5 W Poplar Ave,West Wildwood,NJ,08260,Flynn Real Estate Agency
"$75,000",,,,,3815 Arctic Ave,Wildwood,NJ,08260,CALLOWAY REALTY
"$359,900",2,1+,933,,9905 Seapointe Blvd Apt 204,Lower Township,NJ,08260,Seapointe Village Realty LLC
"$329,000",1,1,755,,9905 Seapointe Blvd Apt 509,Lower Township,NJ,08260,Seapointe Village Realty LLC
"$374,900",3,2,"1,500",2,420 E 24th St E Unit L,North Wildwood,NJ,08260,Landmark Realty Associates
"$169,900",1,1,442,,6201 Ocean Ave Unit 306,Wildwood Crest,NJ,08260,HOFFMAN AGENCY
"$125,000",1,1,403,,6201 Ocean Ave Unit 106,Wildwood Crest,NJ,08260,HOFFMAN AGENCY
"$169,900",1,1,,,6201 Ocean Ave Unit 407,Wildwood Crest,NJ,08260,HOFFMAN AGENCY
"$399,000",2,2,"1,394",,5123 Shawcrest Rd,Lower Township,NJ,08260,Weichert Coastal
"$629,000",3,2,,1,5302 Lake Rd,Wildwood,NJ,08260,LEES REAL ESTATE AGENCY
"$194,000",,,,,727 W Spruce Ave,North Wildwood,NJ,08260,"Long & Foster Real Estate, Inc Nww"
"$199,900",3,1,,,445 W Spicer Ave,Wildwood,NJ,08260,HOFFMAN AGENCY
"$65,000",,,,,506 W Roberts Ave,Wildwood,NJ,08260,HOFFMAN AGENCY
"$69,900",,,,,655 W Maple Ave,West Wildwood,NJ,08260,WEICHERT REALTORS COASTAL
"$524,900",2,2,"1,238",,9901 Seapointe Blvd Apt 502,Lower Township,NJ,08260,Seapointe Village Realty LLC
"$69,900",,,,,136 W Spicer Ave,Wildwood,NJ,08260,CENTURY 21 Alliance
"$169,000",1,1,,,406-10 E Monterey Unit 309,Wildwood Crest,NJ,08260,HOFFMAN AGENCY
"$390,000",4,1+,"1,684",,214 W 1st Ave,North Wildwood,NJ,08260,Diller & Fisher Realtors - Stone Harbor
"$399,900",3,2+,"3,000",,101 E 18th Ave Unit 200,North Wildwood,NJ,08260,ISLAND REALTY GROUP
